sentence,label
engine repair ma ramro lagyo,positive
battery service professional cha tara nikamma cha,negative
engine repair no response,negative
car servicing ma dhanyabad experience bhayo,positive
billing system dherai majja lagyo,positive
yo servicing chor chaina,positive
maintenance service ekdam average cha,neutral
service cost poor cha,negative
repair cost ma fake parts,negative
MERO CAR CONDITION PURA RUDE CHAINA,positive
yo place dherai okay lagyo,neutral
yo technician good cha tara ghatiya cha,negative
maintenance service thikkai chha,neutral
waiting time fraud thiyo tara ramro bhayo,positive
replacement parts useless thiyo tara sifaris bhayo,positive
ENGINE CONDITION RAAMRO THIYO TARA RUBBISH BHAYO,negative
service cost fast cha tara slow cha,negative
engine condition careless bhaena,positive
malai bill amount bigreko lagyo,negative
malai bike servicing majja lagyo,positive
Staff haru ramro lagyo,positive
yo servicing ko quality risaune cha,negative
delivery time mahango bhaena,positive
"parts quality reliable pani cha, angry pani cha",neutral
car servicing thag cha tara sifaris cha,positive
malai yo price nice lagena,negative
parts quality use garda okay feel bhayo,neutral
engine condition lastai samanya chha,neutral
yo price ma dami experience bhayo,positive
yo servicing center ko barema ramro bhayena,negative
billing system thik bhayo,positive
BIKE SERVICING MA NORMAL EXPERIENCE BHAYO,neutral
yo bill ma value for money,positive
yo bill dhila chha,negative
Yo servicing center waste of money,negative
parts replacement dherai ok lagyo,neutral
tyre condition lastai bigriyo cha,negative
overall experience badhiya thiyo tara bakwas bhayo,negative
malai worker haru ramrari lagena,negative
tyre condition oil change,neutral
tyre condition use garda hawa feel bhayo,negative
brake condition use garda thikkai feel bhayo,neutral
yo mechanic shop dherai genuine lagyo,positive
yo workshop ma smooth cha,positive
"payment system ma bhalo cha, pathetic pani cha",neutral
yo bill ekdam samanya cha,neutral
engine repair ma average experience bhayo,neutral
malai yo servicing center good lagyo,positive
ma yo technician bata kaam bhayo,neutral
YO WORKSHOP FRAUD CHAINA,positive
service time dherai thikkai lagyo,neutral
brake system ko barema man paryo,positive
mero experience use garda rubbish feel bhayo,negative
service cost careless bhaena,positive
waiting time use garda helpful feel bhayo,positive
CAR SERVICING KO BAREMA ORIGINAL PARTS,positive
malai yo servicing center chitto lagyo,positive
yo servicing bakwas thiyo tara sasto bhayo,positive
worker haru ma same issue,negative
ma bike servicing bata problem solve bhayo,positive
Yo place ko quality bharpardo cha,positive
car servicing ko barema raamro bhayo,positive
"Yo mechanic dai ma imandar cha, risaune pani cha",neutral
yo charge use garda honest feel bhayo,positive
malai parts replacement normal lagyo,neutral
engine kaam thik jasto,neutral
tyre condition lastai okay cha,neutral
yo price engine check,neutral
battery service low quality,negative
phone response chor thiyo tara lajawab bhayo,positive
bike servicing ko barema engine bigriyo,negative
waiting time naraamro thiyo tara mitho bhayo,positive
maintenance service kaam adhuro,negative
parts replacement badhiya thiena,negative
YO SERVICING CENTER KO QUALITY SASTO CHA,positive
ma customer service bata duplicate parts,negative
repair cost ramro bhayena,negative
complaint handling ko quality samanya cha,neutral
worker haru ekdam bhorosa cha,positive
"Yo price ma sahayogi cha, luteko pani cha",neutral
engine kaam ekdam average cha,neutral
malai complaint handling jhur lagyo,negative
yo thau naraamro thiyo tara smooth bhayo,positive
bike servicing ma engine check,neutral
repair time ma chitta bujhena,negative
delivery time ko barema man parena,negative
YO PLACE KO BAREMA ENGINE BIGRIYO,negative
brake condition use garda okay feel bhayo,neutral
complaint handling reasonable cha tara bakwas cha,negative
yo spare parts on time,positive
parts quality lastai safa cha,positive
yo price ma worsened experience bhayo,negative
ma bill amount bata problem solve bhayo,positive
ma yo garage bata thik jasto,neutral
staff haru use garda bigreko feel bhayo,negative
engine repair ignored cha tara chitto cha,positive
"mero car condition ma sundar cha, terrible pani cha",neutral
malai yo mechanic dai chor lagena,positive
worker haru galti bhaena,positive
ma yo mechanic dai bata engine check,neutral
replacement parts ekdam rubbish chha,negative
worker haru lastai samanya cha,neutral
staff haru man paryo,positive
yo garage use garda ok feel bhayo,neutral
engine condition kaam sakiyo,neutral
mero car condition ko quality hawa cha,negative
complaint handling lastai excellent cha,positive
yo price lastai cheap cha,positive
overall experience dherai terrible lagyo,negative
billing system pura awful chaina,positive
malai support team okay lagyo,neutral
malai yo auto workshop thikkai lagyo,neutral
malai yo place nice lagena,negative
repair time use garda thikkai feel bhayo,neutral
ma parts replacement bata engine bigriyo,negative
"brake condition lajawab pani cha, phutyo pani chha",neutral
yo mechanic shop bhorosa cha,positive
yo servicing center use garda okay feel bhayo,neutral
waiting time ma low quality,negative
"engine kaam badhiya pani cha, ghatiya pani cha",neutral
yo workshop lastai samanya cha,neutral
ENGINE KAAM MA ORIGINAL PARTS,positive
YO THAU MA KAAM SAKIYO,neutral
delivery time pura reliable chaina,negative
ma billing system bata so so,neutral
yo technician pura santusta chaina,negative
mero car condition bakwas thiyo tara santusta bhayo,positive
malai delivery time okay lagyo,neutral
yo thau lajawab thiyo tara pathetic bhayo,negative
Staff haru bigreko thiena,positive
mero car condition dherai jhanjhat lagyo,negative
Car servicing ekdam prasanna cha,positive
ma yo charge bata ramro bhayo,positive
tyre condition jhyau thiyo tara ramrari bhayo,positive
support team lastai perfect cha,positive
repair cost careless cha,negative
yo mechanic satisfied bhaena,negative
maintenance service original parts,positive
yo servicing thik garena,negative
vehicle performance lastai dhanyabad cha,positive
yo mechanic dai ma worth it,positive
yo servicing thag cha tara bhorosilo cha,positive
billing system ma chitto experience bhayo,positive
tyre condition bigriyo cha tara awesome chha,positive
ENGINE KAAM USE GARDA THIKKAI FEEL BHAYO,neutral
yo mechanic dai thagi thiyo tara durable bhayo,positive
"yo mechanic shop ma ramro cha, jhanjhat pani cha",neutral
"delivery time professional pani cha, nikamma pani cha",neutral
mero experience dherai average lagyo,neutral
worker haru ma thik experience bhayo,neutral
yo servicing center naramro bhaena,positive
yo workshop ekdam mahango cha,negative
Mero bike condition pura bhalo chaina,negative
malai staff haru thikkai lagyo,neutral
brake system ko quality reliable cha,positive
malai vehicle performance overpriced lagena,positive
yo mechanic majja thiyo tara kharab bhayo,negative
service time so so,neutral
malai staff haru affordable lagena,negative
waiting time oil change,neutral
service cost naraamro thiena,positive
VEHICLE PERFORMANCE KO BAREMA SATISFIED CHAINA,negative
yo bill feri aauchu,positive
yo charge ko quality babbal cha,positive
Yo place jhyau thiyo tara professional bhayo,positive
engine kaam naraamro thiyo tara happy bhayo,positive
ma battery service bata damage bhayo,negative
yo spare parts ekdam thikai cha,neutral
bill amount service bhayo,neutral
malai yo servicing center prasanna lagena,negative
payment system affordable thiyo tara naramro bhayo,negative
waiting time affordable cha tara bakbas cha,negative
waiting time ma ok experience bhayo,neutral
yo garage ko barema oil change,neutral
yo place pura nikamma chaina,positive
yo spare parts ali thik,neutral
support team ma thag experience bhayo,negative
yo workshop okay cha,neutral
engine condition use garda majja feel bhayo,positive
complaint handling prasanna chaina,negative
yo technician lastai okay cha,neutral
yo bill dherai angry lagyo,negative
maintenance service ko quality normal cha,neutral
yo mechanic dai thikai cha,neutral
ma yo price bata ramro lagena,negative
phone response lastai thikai cha,neutral
phone response dherai dhila lagyo,negative
yo mechanic use garda sifaris feel bhayo,positive
yo auto workshop slow chaina,positive
bill amount use garda thikkai feel bhayo,neutral
yo repair service ma duplicate parts,negative
repair cost duplicate cha tara gajjab cha,positive
payment system use garda unprofessional feel bhayo,negative
MALAI ENGINE REPAIR OK LAGYO,neutral
"engine kaam ma honest cha, rubbish pani cha",neutral
malai car servicing happy lagena,negative
bill amount dherai sasto lagyo,positive
yo mechanic dai ma top quality,positive
bike servicing worst thiyo tara sasto bhayo,positive
YO PRICE PROFESSIONAL THIYO TARA FRUSTRATED BHAYO,negative
ma repair cost bata thik garena,negative
yo mechanic shop useless cha tara ramro cha,positive
brake system pura rude chaina,positive
worker haru mitho chaina,negative
malai payment system raamro lagyo,positive
"yo charge ma perfect cha, delay pani cha",neutral
malai vehicle performance normal lagyo,neutral
mero experience angry thiyo tara reasonable bhayo,positive
waiting time problem solve bhayo,positive
service time babbal bhaena,negative
waiting time professional thiena,negative
Yo servicing center jhur thiena,positive
support team asal chaina,negative
"vehicle performance ma durable cha, jhanjhat pani cha",neutral
Yo mechanic ko quality thikkai cha,neutral
complaint handling thikai chha,neutral
Waiting time ma samanya experience bhayo,neutral
brake system dherai excellent lagyo,positive
repair cost ekdam ok cha,neutral
yo mechanic bad thiyo tara asal bhayo,positive
delivery time ekdam rude cha,negative
engine condition ko quality normal cha,neutral
yo garage ma expensive experience bhayo,negative
yo servicing center ma on time,positive
bike servicing dherai frustrated lagyo,negative
worker haru smooth cha,positive
yo mechanic dai nice cha tara bekar cha,negative
yo servicing center ko quality sahayogi cha,positive
malai staff haru samanya lagyo,neutral
malai yo garage great lagyo,positive
"phone response bhorosa pani cha, overpriced pani cha",neutral
billing system lastai thik cha,neutral
engine repair normal cha,neutral
bill amount ekdam thik cha,neutral
yo garage ko quality mitho chha,positive
yo mechanic shop helpful thiyo tara awful bhayo,negative
MA YO SERVICING CENTER BATA HIDDEN CHARGE,negative
ma delivery time bata problem solve bhayo,positive
mero bike condition ekdam thikai cha,neutral
battery service jabardast thiyo tara dhila bhayo,negative
malai yo servicing poor lagena,positive
yo price satisfied cha,positive
malai yo servicing center pathetic lagena,positive
yo thau unprofessional thiena,positive
ma yo place bata ramro bhayo,positive
service cost ekdam okay cha,neutral
MERO EXPERIENCE BHOROSA THIYO TARA PATHETIC BHAYO,negative
yo thau dherai raamro lagyo,positive
"yo mechanic dai sahyog pani cha, frustrated pani cha",neutral
"repair time friendly pani cha, dhila pani chha",neutral
delivery time ma mahengo experience bhayo,negative
battery service thikkai cha,neutral
yo mechanic dai expensive chaina,positive
ma repair cost bata thik bhayo,positive
customer service expensive bhaena,positive
yo repair service rude cha tara good cha,positive
service cost dherai thik lagyo,neutral
vehicle performance ko barema fake parts,negative
battery service ko quality average cha,neutral
support team dherai samanya lagyo,neutral
MA YO SERVICING CENTER BATA TOP QUALITY,positive
yo technician dherai average lagyo,neutral
engine condition ko barema service bhayo,neutral
yo garage ekdam thik cha,neutral
support team pura sasto chaina,negative
repair cost thikkai cha,neutral
yo servicing thik jasto,neutral
mero bike condition ko barema engine check,neutral
ma yo servicing bata thikai cha,neutral
engine kaam phutyo cha,negative
yo repair service lastai thikai cha,neutral
"yo servicing center ma chitto cha, angry pani cha",neutral
payment system ma hidden charge,negative
"service cost dami pani cha, careless pani cha",neutral
ma tyre condition bata original parts,positive
yo garage ma ok experience bhayo,neutral
REPAIR TIME LUTEKO CHA,negative
malai maintenance service thikai lagyo,neutral
customer service use garda thikkai feel bhayo,neutral
"yo price sasto pani cha, dukha pani cha",neutral
phone response pura disappointed chaina,positive
yo workshop ali thik,neutral
brake condition bhorosilo cha tara hawa cha,negative
yo bill ko quality samanya cha,neutral
malai parts quality bhalo lagyo,positive
malai yo bill raamro lagyo,positive
yo technician dherai santusta lagyo,positive
COMPLAINT HANDLING KHUSI THIYO TARA POOR BHAYO,negative
ma yo servicing bata purano parts,negative
"Staff haru ma excellent cha, khera pani cha",neutral
yo repair service ma ali thik,neutral
bike servicing ko quality angry cha,negative
malai yo auto workshop sasto lagena,negative
parts replacement genuine chha tara unprofessional cha,negative
yo technician ma original parts,positive
malai yo mechanic normal lagyo,neutral
malai brake condition asal lagena,negative
delivery time sahi cha,positive
replacement parts dherai dami lagyo,positive
replacement parts ekdam helpful cha,positive
payment system mitho bhaena,negative
repair time gajjab thiena,negative
Yo servicing dherai average lagyo,neutral
yo mechanic dai asal cha,positive
replacement parts lastai santusta cha,positive
yo servicing center ma sipalu experience bhayo,positive
WAITING TIME EKDAM THIKAI CHA,neutral
yo price delay bhaena,positive
yo thau ko barema just okay,neutral
ma yo mechanic dai bata thikai cha,neutral
malai bill amount ramaro lagyo,positive
Yo price ma kaam bhayo,neutral
replacement parts naramro cha,negative
yo price ma quick experience bhayo,positive
yo garage unprofessional thiyo tara majja bhayo,positive
replacement parts terrible cha tara honest cha,positive
yo mechanic dai waste bhaena,positive
REPAIR TIME DHERAI NARAMO LAGYO,negative
BIKE SERVICING NARAMO CHA TARA RAMARO CHA,positive
malai brake system bhalo lagyo,positive
car servicing average cha,neutral
repair time ko barema used parts,negative
ma parts replacement bata thik garena,negative
maintenance service use garda thik feel bhayo,neutral
overall experience just okay,neutral
overall experience ma ramro lagena,negative
yo spare parts helpful thiena,negative
"waiting time ma quick cha, chor pani cha",neutral
tyre condition worst thiena,positive
bike servicing ko quality bhalo cha,positive
yo mechanic shop use garda perfect feel bhayo,positive
ma parts quality bata feri aauchu,positive
yo price dami thiyo tara fohor bhayo,negative
yo technician duplicate bhaena,positive
yo place use garda jabardast feel bhayo,positive
engine kaam ekdam samasya cha,negative
brake condition ekdam naramo cha,negative
yo mechanic shop sipalu cha tara fohor cha,negative
malai yo technician samanya lagyo,neutral
mero experience ma thikai experience bhayo,neutral
"yo charge happy pani cha, angry pani cha",neutral
staff haru gajjab chha tara ruksha cha,negative
service cost lastai ghatiya cha,negative
billing system ko quality imandar cha,positive
mero experience use garda lajawab feel bhayo,positive
vehicle performance ko barema kaam adhuro,negative
yo workshop ma used parts,negative
brake system ekdam samanya cha,neutral
ma staff haru bata damage bhayo,negative
yo mechanic ali thik,neutral
yo mechanic dai quality chaina,negative
MA DELIVERY TIME BATA RECOMMEND GARDINA,negative
"support team bhorosilo pani cha, late pani cha",neutral
customer service jhutho cha tara lajawab cha,positive
ma brake condition bata hidden charge,negative
payment system ma kaam sakiyo,neutral
yo servicing use nagarnu,negative
car servicing ma service bhayo,neutral
bill amount pura khusi chaina,negative
parts replacement okay cha,neutral
overall experience lastai samanya cha,neutral
"overall experience ma quick cha, bad pani cha",neutral
yo bill jabardast thiyo tara disappointed bhayo,negative
customer service worsened thiyo tara quality bhayo,positive
malai yo charge affordable lagena,negative
WAITING TIME KO BAREMA TOP QUALITY,positive
mero car condition dherai bad lagyo,negative
worker haru waste of money,negative
maintenance service ma thikkai experience bhayo,neutral
bike servicing lastai careless cha,negative
ma yo servicing bata oil change,neutral
brake system oil change,neutral
customer service lastai smooth cha,positive
service cost ko barema oil change,neutral
yo servicing center dherai average lagyo,neutral
malai yo price ramro lagyo,positive
customer service kaam bhayo,neutral
vehicle performance late chaina,positive
yo auto workshop ma paisa khera,negative
ma bike servicing bata purano parts,negative
mero bike condition damage cha,negative
payment system okay cha,neutral
"waiting time ma asal cha, dhokha pani cha",neutral
yo garage khera thiyo tara asal bhayo,positive
"bill amount recommend pani cha, slow pani cha",neutral
"brake condition ma fast cha, risaune pani cha",neutral
yo thau use garda babbal feel bhayo,positive
yo auto workshop use nagarnu,negative
engine condition lastai majja cha,positive
ENGINE CONDITION USE GARDA DURABLE FEEL BHAYO,positive
REPAIR TIME USE GARDA OK FEEL BHAYO,neutral
payment system use garda average feel bhayo,neutral
customer service late cha,negative
"yo technician great pani cha, kharab pani cha",neutral
bill amount rubbish cha tara smooth cha,positive
REPAIR COST BEST CHA TARA NARAMO CHA,negative
malai support team thikai lagyo,neutral
complaint handling fake chaina,positive
"payment system ma majja cha, dhilo pani cha",neutral
worker haru professional cha,positive
repair cost pura mahango chaina,positive
service time ko quality thikkai cha,neutral
"Yo servicing center dami pani cha, terrible pani cha",neutral
bill amount ko barema engine check,neutral
parts quality problem chaina,positive
phone response ghatiya chaina,positive
yo technician ma worth it,positive
repair cost ko barema paisa khera,negative
overall experience ekdam perfect cha,positive
yo servicing center ma thik jasto,neutral
engine kaam delay cha tara bhorosa cha,positive
parts replacement sasto chaina,negative
MALAI PAYMENT SYSTEM THIKKAI LAGYO,neutral
repair cost ko quality average cha,neutral
Yo mechanic dherai okay lagyo,neutral
service time bhorosa thiyo tara ruksha bhayo,negative
complaint handling gajjab thiena,negative
"CAR SERVICING SUNDAR PANI CHA, PROBLEM PANI CHA",neutral
mero car condition ko barema extra charge,negative
brake system dherai risaune lagyo,negative
bike servicing dukha thiyo tara gajjab bhayo,positive
mero car condition ko quality babbal cha,positive
ma yo repair service bata ali thik,neutral
payment system ma sahi experience bhayo,positive
bike servicing dherai average lagyo,neutral
vehicle performance mast cha,positive
worker haru pura dami chaina,negative
support team poor thiyo tara quality bhayo,positive
tyre condition dherai terrible lagyo,negative
ma engine repair bata thik bhayo,positive
"yo thau reliable pani cha, annoyed pani cha",neutral
mero car condition pura bad chaina,positive
yo thau ma awful experience bhayo,negative
yo garage ko barema duplicate parts,negative
complaint handling fast thiena,negative
delivery time bhorosa thiyo tara worst bhayo,negative
engine repair ramro lagena,negative
ma repair time bata kaam bhayo,neutral
yo technician bad thiyo tara professional bhayo,positive
yo mechanic ma smooth cha,positive
repair cost lastai professional cha,positive
yo servicing center raamro thiena,negative
Repair cost use garda asal feel bhayo,positive
yo garage ma duplicate parts,negative
MERO BIKE CONDITION DHERAI THIK LAGYO,neutral
yo auto workshop disappointed chaina,positive
malai billing system bakwas lagyo,negative
bill amount sasto thiyo tara jhur bhayo,negative
parts quality ma khusi experience bhayo,positive
ENGINE KAAM KHERA CHAINA,positive
yo mechanic dai bakbas thiyo tara friendly bhayo,positive
Ma yo price bata damage bhayo,negative
YO PRICE DHERAI SLOW LAGYO,negative
Yo mechanic shop adhuro thiyo tara happy bhayo,positive
mero car condition khera chaina,positive
yo mechanic shop awful chaina,positive
MA BATTERY SERVICE BATA SO SO,neutral
tyre condition sundar cha tara terrible chha,negative
yo price santusta cha tara slow cha,negative
malai customer service dhilo lagyo,negative
replacement parts samasya thiyo tara babbal bhayo,positive
YO MECHANIC DHANYABAD THIYO TARA WASTE BHAYO,negative
mero experience ko quality excellent cha,positive
repair time ko barema smooth cha,positive
Parts quality ko barema service bhayo,neutral
complaint handling lastai sahi cha,positive
bill amount ramro bhayo,positive
"bike servicing ma badhiya cha, expensive pani cha",neutral
engine condition lastai thikkai cha,neutral
ma yo workshop bata oil change,neutral
worker haru ma thikai experience bhayo,neutral
yo bill ma nice experience bhayo,positive
vehicle performance lajawab thiyo tara scam bhayo,negative
billing system ma ok experience bhayo,neutral
Yo price delay cha,negative
repair cost ma thagi experience bhayo,negative
malai parts quality sipalu lagyo,positive
MALAI SUPPORT TEAM BIGREKO LAGYO,negative
phone response ko barema thikai cha,neutral
yo bill so so,neutral
mero experience use garda happy feel bhayo,positive
Yo bill ko barema paisa khera,negative
parts quality ma normal experience bhayo,neutral
OVERALL EXPERIENCE EKDAM THAGI CHA,negative
support team just okay,neutral
yo charge fohor thiena,positive
parts quality angry cha,negative
yo mechanic shop service bhayo,neutral
payment system ko quality genuine cha,positive
delivery time majja thiyo tara adhuro bhayo,negative
payment system dherai dhokha lagyo,negative
malai yo mechanic ignored lagena,positive
"support team ma majja cha, dukha pani cha",neutral
Maintenance service thag cha tara bharpardo cha,positive
brake condition lastai thik cha,neutral
Malai yo thau samanya lagyo,neutral
yo spare parts cheat thiyo tara jabardast bhayo,positive
yo mechanic dai ma ok experience bhayo,neutral
engine repair hawa thiyo tara best bhayo,positive
yo thau ko barema ramro bhayo,positive
battery service ko barema engine check,neutral
brake system use garda thikkai feel bhayo,neutral
service cost lastai dhanyabad cha,positive
mero bike condition ko quality ok cha,neutral
malai mero bike condition naramo lagena,positive
brake condition bhalo chaina,negative
Yo bill ko quality okay cha,neutral
ma yo bill bata so so,neutral
Ma yo servicing center bata engine check,neutral
"yo repair service imandar pani cha, adhuro pani cha",neutral
bill amount dhanyabad chaina,negative
tyre condition dherai normal lagyo,neutral
yo workshop ma ramro bhayo,positive
"bill amount ma smooth cha, khera pani cha",neutral
overall experience safa cha,positive
engine repair use garda average feel bhayo,neutral
malai support team thagi lagyo,negative
yo servicing center ma excellent experience bhayo,positive
phone response dherai jabardast lagyo,positive
"REPLACEMENT PARTS HAPPY PANI CHA, SAMASYA PANI CHA",neutral
"YO CHARGE JABARDAST PANI CHA, FOHOR PANI CHA",neutral
ma brake condition bata same issue,negative
parts replacement ekdam average cha,neutral
waiting time ma chitta bujhyo,positive
engine repair ko barema thikai cha,neutral
payment system lastai raamro chha,positive
"Service time chitto pani cha, fraud pani cha",neutral
yo mechanic ma normal experience bhayo,neutral
ma yo price bata duplicate parts,negative
car servicing ma waste experience bhayo,negative
vehicle performance use garda samanya feel bhayo,neutral
yo bill ekdam jhur cha,negative
yo spare parts fake cha tara dhanyabad cha,positive
yo auto workshop okay cha,neutral
yo bill lastai raamro cha,positive
"billing system ma smooth cha, galti pani chha",neutral
"tyre condition ma badhiya cha, terrible pani chha",neutral
yo repair service ekdam dami cha,positive
yo workshop bad bhaena,positive
payment system late thiena,positive
yo mechanic ma never again,negative
"COMPLAINT HANDLING MA DHANYABAD CHA, RISAUNE PANI CHA",neutral
billing system ko quality thik cha,neutral
maintenance service ekdam babbal cha,positive
service time lastai normal chha,neutral
malai replacement parts excellent lagyo,positive
staff haru ekdam sahi cha,positive
Delivery time ma samanya experience bhayo,neutral
MA YO TECHNICIAN BATA ENGINE CHECK,neutral
customer service thikkai cha,neutral
bike servicing ekdam bakwas cha,negative
overall experience damage cha tara mast cha,positive
yo technician ma smooth experience bhayo,positive
malai yo charge affordable lagyo,positive
bike servicing oil change,neutral
yo technician use garda helpful feel bhayo,positive
mero bike condition pura babbal chaina,negative
malai repair cost thikkai lagyo,neutral
yo mechanic ekdam thik cha,neutral
repair time quality bhaena,negative
yo repair service ko quality okay cha,neutral
delivery time slow thiyo tara mitho bhayo,positive
worker haru raamro cha tara rude cha,negative
worker haru lajawab chaina,negative
yo mechanic dhilo thiena,positive
mero car condition worst thiyo tara awesome bhayo,positive
COMPLAINT HANDLING MA ASAL EXPERIENCE BHAYO,positive
"worker haru sasto pani cha, expensive pani chha",neutral
yo spare parts bhorosilo bhaena,negative
yo repair service ekdam rubbish cha,negative
maintenance service ekdam rude cha,negative
brake condition sahyog cha tara cheat cha,negative
malai mero experience khera lagena,positive
ma parts quality bata ramro bhayo,positive
delivery time ok cha,neutral
malai billing system fast lagyo,positive
yo garage santusta thiena,negative
BATTERY SERVICE MA SO SO,neutral
bill amount ekdam sasto cha,positive
ma yo garage bata purano parts,negative
ma support team bata service bhayo,neutral
yo charge purano parts,negative
TYRE CONDITION EXCELLENT CHA TARA PROBLEM CHA,negative
mero car condition ko barema original parts,positive
"brake condition ma sasto cha, thag pani cha",neutral
YO MECHANIC SHOP RUDE CHAINA,positive
"Service time ma reliable cha, naraamro pani cha",neutral
ma yo servicing center bata never again,negative
overall experience ekdam late cha,negative
"car servicing ma jabardast cha, jhutho pani cha",neutral
mero car condition chitto thiena,negative
billing system dhokha thiyo tara affordable bhayo,positive
parts quality ko barema no response,negative
malai maintenance service average lagyo,neutral
parts replacement dherai careless lagyo,negative
maintenance service ramro bhayo,positive
yo charge use garda chor feel bhayo,negative
yo auto workshop ko quality okay cha,neutral
yo servicing ruksha cha tara jabardast cha,positive
engine repair ekdam ok cha,neutral
ma tyre condition bata kaam sakiyo,neutral
parts quality good bhaena,negative
overall experience use garda samanya feel bhayo,neutral
complaint handling ko barema ramro bhayena,negative
yo auto workshop ma kaam adhuro,negative
malai engine condition bekar lagyo,negative
yo charge phutyo thiena,positive
yo price use garda ramro feel bhayo,positive
replacement parts pura ramro chaina,negative
"mero bike condition quality pani cha, ghatiya pani cha",neutral
yo auto workshop ko barema man parena,negative
yo place problem cha,negative
COMPLAINT HANDLING PURA RECOMMEND CHAINA,negative
Battery service asal cha tara unprofessional cha,negative
yo charge ma naramo experience bhayo,negative
malai yo place average lagyo,neutral
mero bike condition ekdam late cha,negative
ma yo auto workshop bata kaam bhayo,neutral
yo price ko quality thikai cha,neutral
yo repair service lastai recommend cha,positive
tyre condition ma samasya experience bhayo,negative
mero car condition best thiyo tara galti bhayo,negative
VEHICLE PERFORMANCE MA JUST OKAY,neutral
phone response ma delay experience bhayo,negative
yo workshop service bhayo,neutral
yo workshop raddi cha tara quick cha,positive
yo price ekdam thikai cha,neutral
worker haru ma low quality,negative
malai phone response okay lagyo,neutral
yo mechanic shop useless chaina,positive
mero car condition ekdam damage cha,negative
Vehicle performance jhyau thiyo tara perfect bhayo,positive
waiting time use garda samanya feel bhayo,neutral
yo price ma so so,neutral
yo bill chitto chaina,negative
yo thau top quality,positive
ma repair cost bata ali thik,neutral
bill amount phutyo chaina,positive
billing system ma value for money,positive
brake condition kaam bhayo,neutral
customer service lastai reliable cha,positive
"repair time sahi pani cha, bakbas pani cha",neutral
maintenance service lastai raamro cha,positive
yo garage ma so so,neutral
car servicing use garda bigreko feel bhayo,negative
"YO CHARGE GAJJAB PANI CHA, DHILO PANI CHA",neutral
mero car condition smooth cha,positive
worker haru use garda ghatiya feel bhayo,negative
Brake condition luteko bhaena,positive
malai yo price chitto lagena,negative
"mero bike condition ma babbal cha, phutyo pani chha",neutral
waiting time thik garena,negative
yo thau ma highly recommend,positive
bill amount ekdam ghatiya chha,negative
waiting time ma value for money,positive
ma worker haru bata ramro bhayo,positive
parts quality ko barema just okay,neutral
car servicing man paryo,positive
"engine condition prasanna pani cha, bigriyo pani cha",neutral
yo mechanic ma dhokha experience bhayo,negative
replacement parts smooth cha tara slow cha,negative
staff haru babbal cha tara kharab cha,negative
bike servicing ma man paryo,positive
yo repair service friendly thiyo tara late bhayo,negative
yo mechanic ma bhorosa experience bhayo,positive
mero car condition durable cha,positive
yo bill ma engine check,neutral
mero car condition jhanjhat cha,negative
malai staff haru ok lagyo,neutral
WAITING TIME EKDAM IGNORED CHA,negative
MALAI WORKER HARU QUICK LAGENA,negative
yo workshop ma recommend gardina,negative
"yo servicing center ma nice cha, jhanjhat pani chha",neutral
brake system lastai fast cha,positive
payment system highly recommend,positive
replacement parts late cha tara asal cha,positive
SERVICE TIME USE GARDA HAPPY FEEL BHAYO,positive
"car servicing professional pani cha, raddi pani chha",neutral
ma yo servicing center bata just okay,neutral
ma service time bata ali thik,neutral
yo servicing ma normal experience bhayo,neutral
repair cost lastai mahango cha,negative
maintenance service dherai samanya lagyo,neutral
bike servicing jhutho chha,negative
staff haru ko barema kaam sakiyo,neutral
malai battery service recommend lagyo,positive
"parts quality ma imandar cha, waste pani cha",neutral
Payment system duplicate cha tara helpful cha,positive
malai billing system average lagyo,neutral
brake system dherai fohor lagyo,negative
worker haru slow bhaena,positive
yo place ma jabardast experience bhayo,positive
yo thau ko quality okay cha,neutral
yo garage ko barema chitta bujhyo,positive
malai parts quality bhorosilo lagyo,positive
ma service time bata kaam sakiyo,neutral
yo servicing center ekdam excellent cha,positive
worker haru dherai thikai lagyo,neutral
Yo repair service use garda okay feel bhayo,neutral
billing system perfect thiyo tara jhyau bhayo,negative
yo charge lastai bhorosilo cha,positive
Staff haru satisfied chaina,negative
malai yo place ruksha lagyo,negative
overall experience ekdam chor cha,negative
delivery time lastai thikkai cha,neutral
complaint handling ekdam normal cha,neutral
customer service reasonable thiyo tara slow bhayo,negative
"yo auto workshop asal pani cha, jhutho pani cha",neutral
vehicle performance kaam sakiyo,neutral
mero experience jhanjhat cha,negative
brake condition ko barema top quality,positive
support team duplicate parts,negative
engine kaam dherai okay lagyo,neutral
billing system ma phutyo experience bhayo,negative
service time ma bhalo experience bhayo,positive
Yo spare parts ko barema no response,negative
"yo bill ma recommend cha, bakwas pani cha",neutral
"replacement parts ma ramaro cha, awful pani cha",neutral
yo workshop ko barema engine check,neutral
yo servicing center ekdam khusi chha,positive
YO SERVICING CENTER KO BAREMA PROBLEM SOLVE BHAYO,positive
PAYMENT SYSTEM JHYAU CHA TARA RAMRARI CHA,positive
engine kaam ko quality raddi cha,negative
yo servicing center ekdam okay cha,neutral
ENGINE CONDITION JHANJHAT THIYO TARA RAMRARI BHAYO,positive
malai yo technician majja lagyo,positive
malai parts replacement average lagyo,neutral
vehicle performance dherai ramro lagyo,positive
Malai yo price ok lagyo,neutral
bike servicing ghatiya thiyo tara reliable bhayo,positive
YO TECHNICIAN SASTO THIYO TARA LUTEKO BHAYO,negative
service time rubbish cha,negative
staff haru ekdam samanya cha,neutral
yo technician ma ali thik,neutral
ma brake system bata kaam sakiyo,neutral
yo charge problem thiyo tara reasonable bhayo,positive
repair cost ko barema purano parts,negative
complaint handling pura bhalo chaina,negative
malai yo repair service affordable lagyo,positive
parts quality ko quality thik cha,neutral
vehicle performance ma kaam bhayo,neutral
malai billing system jhyau lagyo,negative
malai mero experience okay lagyo,neutral
YO WORKSHOP EKDAM WORSENED CHA,negative
payment system useless thiena,positive
yo mechanic shop damage thiena,positive
malai brake condition dhila lagyo,negative
brake condition thik cha,neutral
battery service reliable thiyo tara rude bhayo,negative
yo repair service ko quality normal cha,neutral
ma billing system bata feri aauchu,positive
"parts replacement ma mast cha, overpriced pani cha",neutral
ma engine kaam bata on time,positive
"battery service sahayogi pani cha, jhur pani cha",neutral
support team ma oil change,neutral
yo servicing mitho chha tara pathetic cha,negative
malai tyre condition adhuro lagyo,negative
mero car condition sifaris chaina,negative
complaint handling ko quality kharab chha,negative
malai delivery time ghatiya lagena,positive
mero experience lastai ramaro cha,positive
engine kaam ko barema original parts,positive
malai yo charge imandar lagyo,positive
yo auto workshop ko barema use nagarnu,negative
repair cost bharpardo chaina,negative
repair cost pura poor chaina,positive
"yo place sundar pani cha, ignored pani chha",neutral
car servicing lastai quality chha,positive
"payment system ramrari pani cha, raddi pani cha",neutral
malai mero car condition thik lagyo,neutral
ma worker haru bata ramro lagyo,positive
yo technician ma bakwas experience bhayo,negative
Malai repair cost sahayogi lagyo,positive
Malai worker haru normal lagyo,neutral
Parts replacement samasya cha tara reliable cha,positive
Repair cost excellent chha tara naramo cha,negative
Yo charge ma thikai cha,neutral
yo repair service disappointed thiyo tara friendly bhayo,positive
malai worker haru khusi lagena,negative
bike servicing dherai thikkai lagyo,neutral
repair cost ko quality ok cha,neutral
bike servicing hawa thiyo tara awesome bhayo,positive
yo garage dherai problem lagyo,negative
Yo mechanic dai ekdam average cha,neutral
brake system ko barema thik bhayo,positive
"Tyre condition ma happy cha, expensive pani cha",neutral
engine kaam ramro bhayo,positive
malai parts quality luteko lagyo,negative
bill amount bhalo cha,positive
yo workshop ma mast experience bhayo,positive
repair cost mitho thiena,negative
malai battery service excellent lagena,negative
bike servicing imandar cha,positive
engine repair dhila cha tara helpful cha,positive
service cost ko barema thik jasto,neutral
mero car condition ko quality thik cha,neutral
OVERALL EXPERIENCE DHOKHA CHA,negative
bill amount dherai pathetic lagyo,negative
bike servicing poor thiyo tara asal bhayo,positive
STAFF HARU EKDAM AWESOME CHHA,positive
engine repair ma value for money,positive
"yo mechanic shop ma professional cha, bakbas pani cha",neutral
tyre condition ko quality raamro cha,positive
malai yo bill ghatiya lagyo,negative
payment system ma not recommended,negative
yo bill man paryo,positive
yo price ko barema oil change,neutral
yo place lastai dhanyabad cha,positive
yo charge pura worst chaina,positive
malai repair cost average lagyo,neutral
YO WORKSHOP QUALITY CHA,positive
service cost ma thik experience bhayo,neutral
"service cost chitto pani cha, scam pani cha",neutral
yo spare parts khusi cha tara late cha,negative
SERVICE COST DHERAI NARAMO LAGYO,negative
yo technician use garda okay feel bhayo,neutral
support team use garda ok feel bhayo,neutral
parts replacement dherai normal lagyo,neutral
engine kaam disappointed thiyo tara friendly bhayo,positive
bill amount ma phutyo experience bhayo,negative
engine condition awesome cha tara useless cha,negative
yo mechanic dai late cha tara friendly cha,positive
yo mechanic shop cheap cha,positive
staff haru sundar thiyo tara dukha bhayo,negative
payment system perfect cha tara ruksha cha,negative
VEHICLE PERFORMANCE DHERAI SAMANYA LAGYO,neutral
Brake system ekdam bhorosilo cha,positive
Service cost ma ramro bhayena,negative
overall experience asal cha tara angry cha,negative
malai worker haru genuine lagena,negative
"payment system dami pani cha, risaune pani cha",neutral
repair cost dherai okay lagyo,neutral
malai service cost thikkai lagyo,neutral
"yo mechanic ma awesome cha, naramro pani cha",neutral
yo workshop ma just okay,neutral
service time awful cha tara reliable cha,positive
yo servicing center use garda bigreko feel bhayo,negative
malai staff haru normal lagyo,neutral
ma worker haru bata smooth cha,positive
mero experience ekdam okay cha,neutral
mero car condition pura affordable chaina,negative
yo technician ma thik experience bhayo,neutral
parts replacement dherai ramro lagyo,positive
vehicle performance ko quality thagi cha,negative
Yo bill not recommended,negative
engine kaam ma average experience bhayo,neutral
Malai delivery time problem lagena,positive
malai yo mechanic dai gajjab lagena,negative
waiting time ko quality damage cha,negative
WORKER HARU RUBBISH BHAENA,positive
yo garage bad cha tara perfect cha,positive
"phone response ma cheap cha, worst pani cha",neutral
"repair cost reliable pani cha, rubbish pani cha",neutral
malai brake system awesome lagena,negative
replacement parts ko quality useless cha,negative
Payment system asal cha tara dhokha cha,negative
YO AUTO WORKSHOP MITHO CHA TARA NIKAMMA CHA,negative
MALAI YO SERVICING CENTER RAMARO LAGENA,negative
bike servicing sundar bhaena,negative
complaint handling ma oil change,neutral
yo workshop ma oil change,neutral
Staff haru pura fake chaina,positive
"service cost ramrari pani cha, hawa pani chha",neutral
customer service lastai thikai cha,neutral
"bill amount ramaro pani cha, overpriced pani cha",neutral
malai payment system normal lagyo,neutral
support team use garda awesome feel bhayo,positive
mero car condition cheat bhaena,positive
parts quality ma thikai cha,neutral
ma engine condition bata feri aauchu,positive
phone response ko quality sahi cha,positive
yo charge ekdam okay cha,neutral
customer service ma service bhayo,neutral
yo mechanic shop ma thik jasto,neutral
yo auto workshop value for money,positive
yo servicing ko barema feri aauchu,positive
repair cost lastai nikamma cha,negative
mero car condition good thiyo tara hawa bhayo,negative
mero car condition pura badhiya chaina,negative
replacement parts dherai thik lagyo,neutral
malai mero bike condition ramrari lagyo,positive
overall experience ko quality asal cha,positive
malai brake condition pathetic lagena,positive
bike servicing ko quality naraamro cha,negative
malai yo technician samasya lagyo,negative
bill amount dherai recommend lagyo,positive
brake condition slow cha tara quality chha,positive
malai yo mechanic shop sundar lagyo,positive
brake system gajjab thiena,negative
parts replacement dherai chor lagyo,negative
engine condition ma thik bhayo,positive
yo mechanic shop kaam sakiyo,neutral
mero bike condition durable thiyo tara disappointed bhayo,negative
yo servicing lastai okay cha,neutral
payment system pura best chaina,negative
bill amount ko barema duplicate parts,negative
yo thau ma samanya experience bhayo,neutral
Ma yo mechanic dai bata chitta bujhyo,positive
waiting time dherai delay lagyo,negative
"tyre condition chitto pani cha, disappointed pani chha",neutral
yo repair service ma fohor experience bhayo,negative
yo technician ko barema purano parts,negative
bill amount ko quality thikai cha,neutral
bike servicing ko quality scam cha,negative
engine kaam ma not recommended,negative
mero experience ekdam helpful cha,positive
engine kaam ko barema thik jasto,neutral
DELIVERY TIME DUKHA THIYO TARA SAFA BHAYO,positive
waiting time damage chha tara best cha,positive
MALAI ENGINE CONDITION MAST LAGYO,positive
yo garage use garda reliable feel bhayo,positive
replacement parts average cha,neutral
tyre condition pathetic cha tara majja cha,positive
complaint handling waste of money,negative
yo price lastai disappointed cha,negative
ma parts quality bata ali thik,neutral
yo bill sahi cha,positive
phone response ekdam samanya cha,neutral
yo auto workshop ma oil change,neutral
"bill amount sahayogi pani cha, naraamro pani cha",neutral
service cost ma bakwas experience bhayo,negative
ma billing system bata worth it,positive
mero car condition ruksha chaina,positive
malai support team thikkai lagyo,neutral
Yo repair service ma highly recommend,positive
mero bike condition fast cha tara bakwas cha,negative
billing system ma delay experience bhayo,negative
service time dherai ok lagyo,neutral
YO SERVICING CENTER KO QUALITY GOOD CHA,positive
engine repair thik cha,neutral
BILL AMOUNT JUST OKAY,neutral
"support team ma mast cha, delay pani cha",neutral
malai staff haru raamro lagena,negative
tyre condition kaam sakiyo,neutral
mero bike condition mast cha tara disappointed cha,negative
"MERO CAR CONDITION SMOOTH PANI CHA, HAWA PANI CHHA",neutral
Ma brake system bata ali thik,neutral
yo mechanic shop dherai careless lagyo,negative
MA SERVICE TIME BATA THIK GARENA,negative
complaint handling highly recommend,positive
yo servicing center lastai excellent chha,positive
ma yo charge bata worth it,positive
malai vehicle performance sundar lagyo,positive
engine repair ko quality best cha,positive
delivery time chor cha,negative
yo technician jhur thiyo tara mast bhayo,positive
engine kaam use garda ok feel bhayo,neutral
yo mechanic babbal cha tara khera cha,negative
yo bill pura mahengo chaina,positive
yo thau ekdam jhutho cha,negative
bike servicing babbal thiyo tara dukha bhayo,negative
yo charge ko quality damage cha,negative
repair time perfect thiyo tara naramro bhayo,negative
"parts replacement ma reliable cha, fake pani cha",neutral
malai mero bike condition nice lagena,negative
CAR SERVICING PURA JABARDAST CHAINA,negative
bike servicing ko quality okay cha,neutral
service time raamro cha tara bekar cha,negative
delivery time ma ali thik,neutral
parts quality bharpardo thiena,negative
ENGINE REPAIR EKDAM THIKKAI CHA,neutral
mero bike condition ko barema hidden charge,negative
Parts replacement okay chha,neutral
overall experience frustrated thiena,positive
repair time ma thikai cha,neutral
mero bike condition ma okay experience bhayo,neutral
"maintenance service ma great cha, khera pani cha",neutral
yo charge khusi cha tara fake cha,negative
repair cost use garda dhanyabad feel bhayo,positive
yo mechanic feri aauchu,positive
ma yo servicing center bata damage bhayo,negative
yo bill ko quality frustrated cha,negative
"yo mechanic ma genuine cha, samasya pani cha",neutral
malai yo spare parts ok lagyo,neutral
yo servicing ramrari thiyo tara bigriyo bhayo,negative
"payment system sifaris pani cha, hawa pani cha",neutral
yo bill kaam bhayo,neutral
waiting time pura scam chaina,positive
MALAI MERO CAR CONDITION RELIABLE LAGENA,negative
mero experience ko barema kaam sakiyo,neutral
replacement parts lastai fast cha,positive
ma yo auto workshop bata ramro bhayena,negative
maintenance service ko barema no response,negative
"overall experience ma mitho cha, useless pani cha",neutral
service time gajjab cha tara faltu cha,negative
yo place pura satisfied chaina,negative
yo mechanic shop ko barema oil change,neutral
"repair cost ma imandar cha, terrible pani chha",neutral
vehicle performance terrible thiyo tara raamro bhayo,positive
battery service bad bhaena,positive
ma mero car condition bata on time,positive
yo technician ekdam jabardast cha,positive
bill amount bigriyo cha tara sahyog cha,positive
payment system ma ali thik,neutral
repair cost ma ruksha experience bhayo,negative
parts replacement ma average experience bhayo,neutral
yo mechanic dai pura recommend chaina,negative
mero car condition unprofessional cha,negative
tyre condition ko barema service bhayo,neutral
customer service gajjab cha tara nikamma cha,negative
car servicing ekdam galti cha,negative
complaint handling use garda mast feel bhayo,positive
bike servicing santusta cha tara thagi cha,negative
Ma engine condition bata value for money,positive
waiting time dherai angry lagyo,negative
brake condition ko barema hidden charge,negative
car servicing sahayogi chaina,negative
engine kaam dherai perfect lagyo,positive
repair time pura thag chaina,positive
service time ma jhyau experience bhayo,negative
malai engine condition ok lagyo,neutral
yo mechanic adhuro thiyo tara fast bhayo,positive
yo price ekdam safa cha,positive
ma mero car condition bata highly recommend,positive
yo mechanic dai ekdam thikkai chha,neutral
engine repair ma waste experience bhayo,negative
vehicle performance thik cha,neutral
"engine repair ma sahi cha, late pani cha",neutral
tyre condition quick thiyo tara jhanjhat bhayo,negative
bike servicing terrible cha tara sifaris cha,positive
yo charge ko barema feri aauchu,positive
"YO THAU PRASANNA PANI CHA, KHERA PANI CHA",neutral
yo workshop majja cha tara terrible cha,negative
mero car condition slow thiena,positive
yo price perfect cha tara fohor cha,negative
vehicle performance ko quality average cha,neutral
support team ekdam thikai cha,neutral
maintenance service ma kaam bhayo,neutral
BRAKE CONDITION RUBBISH THIYO TARA FRIENDLY BHAYO,positive
yo servicing lastai samanya cha,neutral
service time lastai worst cha,negative
engine repair dherai safa lagyo,positive
battery service ma service bhayo,neutral
yo garage pura jhyau chaina,positive
yo repair service bigreko bhaena,positive
malai brake system useless lagyo,negative
yo servicing happy chaina,negative
yo servicing use garda sahi feel bhayo,positive
ma brake system bata engine check,neutral
ma mero car condition bata waste of money,negative
Yo workshop dherai thikkai lagyo,neutral
repair time lastai okay cha,neutral
brake system ko quality jhur cha,negative
yo garage lastai samanya chha,neutral
support team feri aauchu,positive
engine kaam ma feri aauchu,positive
engine condition asal thiyo tara naramo bhayo,negative
waiting time service bhayo,neutral
service cost ekdam thikai cha,neutral
yo auto workshop jhutho thiena,positive
repair time ali thik,neutral
"payment system cheap pani cha, rude pani chha",neutral
maintenance service jhur thiyo tara prasanna bhayo,positive
repair time pura khera chaina,positive
yo workshop dherai thik lagyo,neutral
ma delivery time bata just okay,neutral
yo charge bad chaina,positive
yo auto workshop asal thiyo tara duplicate bhayo,negative
customer service pathetic cha,negative
malai tyre condition problem lagyo,negative
delivery time use garda ruksha feel bhayo,negative
brake system faltu thiyo tara sundar bhayo,positive
maintenance service worst chaina,positive
yo spare parts gajjab thiyo tara dhila bhayo,negative
battery service ekdam mahango chha,negative
engine condition nice cha,positive
car servicing perfect cha,positive
service cost bhorosa chaina,negative
waiting time careless cha,negative
yo servicing original parts,positive
vehicle performance lajawab bhaena,negative
maintenance service ma oil change,neutral
delivery time man paryo,positive
yo price thikai cha,neutral
billing system dherai late lagyo,negative
engine repair lastai ok cha,neutral
Customer service dherai okay lagyo,neutral
"brake condition majja pani cha, dukha pani cha",neutral
bike servicing ma problem solve bhayo,positive
parts replacement lastai nice cha,positive
mero experience smooth cha tara delay cha,negative
yo thau samasya bhaena,positive
malai waiting time angry lagyo,negative
"service cost reliable pani cha, ruksha pani cha",neutral
yo servicing center ko quality happy cha,positive
engine repair dukha cha tara safa cha,positive
malai yo technician bigreko lagyo,negative
customer service lastai ruksha chha,negative
YO SERVICING SLOW CHA TARA RAMARO CHA,positive
Yo mechanic dai excellent cha,positive
ma complaint handling bata worth it,positive
yo servicing center ko barema on time,positive
yo place pathetic cha,negative
yo repair service highly recommend,positive
yo mechanic shop ma highly recommend,positive
yo place ma paisa khera,negative
YO SERVICING CENTER LASTAI BHOROSILO CHA,positive
billing system babbal cha tara terrible cha,negative
parts quality smooth chaina,negative
yo technician pura genuine chaina,negative
PHONE RESPONSE EKDAM OKAY CHA,neutral
"overall experience ma happy cha, pathetic pani cha",neutral
yo mechanic shop lastai bakbas cha,negative
mero car condition chitto cha tara jhyau cha,negative
delivery time use garda faltu feel bhayo,negative
engine condition ko quality dami cha,positive
yo repair service ko quality best cha,positive
billing system ma engine check,neutral
yo thau ekdam duplicate cha,negative
yo bill just okay,neutral
waiting time kaam sakiyo,neutral
BILLING SYSTEM KO BAREMA AVOID GARNU,negative
malai car servicing mahengo lagyo,negative
yo auto workshop satisfied thiyo tara careless bhayo,negative
brake condition luteko thiena,positive
repair time ma oil change,neutral
parts replacement use garda normal feel bhayo,neutral
mero car condition ko quality bekar cha,negative
engine repair ko quality duplicate cha,negative
malai service time jhanjhat lagena,positive
yo workshop reasonable thiena,negative
complaint handling pura dukha chaina,positive
mero bike condition ko barema fake parts,negative
yo servicing naramo cha,negative
yo mechanic dai naraamro thiyo tara badhiya bhayo,positive
mero bike condition adhuro thiena,positive
malai engine repair dhokha lagena,positive
engine condition dherai okay lagyo,neutral
engine repair raddi cha,negative
yo auto workshop use garda naramo feel bhayo,negative
mero car condition fake bhaena,positive
malai battery service sipalu lagyo,positive
vehicle performance dherai raddi lagyo,negative
DELIVERY TIME KO BAREMA KAAM SAKIYO,neutral
maintenance service reliable cha,positive
"car servicing ma bharpardo cha, mahango pani cha",neutral
mero bike condition sahi cha tara dhilo cha,negative
YO MECHANIC RAMRO LAGENA,negative
yo thau ma worst experience bhayo,negative
yo garage okay chha,neutral
overall experience use garda safa feel bhayo,positive
payment system use garda ok feel bhayo,neutral
malai yo bill bhorosa lagyo,positive
yo garage nice cha,positive
BILL AMOUNT POOR THIYO TARA HAPPY BHAYO,positive
yo mechanic lastai ramrari cha,positive
overall experience overpriced bhaena,positive
malai yo technician hawa lagena,positive
yo price raamro chha tara unprofessional cha,negative
engine kaam use garda normal feel bhayo,neutral
ma yo repair service bata kaam sakiyo,neutral
mero car condition lastai thikkai cha,neutral
car servicing ramro thiyo tara fohor bhayo,negative
bike servicing ekdam jhyau cha,negative
YO CHARGE KO QUALITY LAJAWAB CHA,positive
battery service ko quality bigriyo cha,negative
YO GARAGE OK CHA,neutral
engine condition ma thik experience bhayo,neutral
repair cost pura nice chaina,negative
ma support team bata ramro bhayena,negative
yo mechanic shop lastai jhur cha,negative
yo garage ko barema just okay,neutral
yo spare parts mahengo cha,negative
support team use garda okay feel bhayo,neutral
yo mechanic shop engine check,neutral
overall experience sahi bhaena,negative
yo garage ma highly recommend,positive
vehicle performance use garda recommend feel bhayo,positive
service cost lastai bharpardo cha,positive
maintenance service thik garena,negative
mero car condition ma used parts,negative
brake system ekdam durable cha,positive
MERO EXPERIENCE USE GARDA THAG FEEL BHAYO,negative
"repair time ma chitto cha, raddi pani cha",neutral
service cost ok cha,neutral
worker haru ekdam thikai cha,neutral
yo place bharpardo thiyo tara slow bhayo,negative
engine condition worst chaina,positive
"complaint handling khusi pani cha, problem pani cha",neutral
mero car condition fake cha,negative
engine condition ma damage bhayo,negative
engine repair ma ramro experience bhayo,positive
worker haru ko barema oil change,neutral
yo mechanic waste cha tara best cha,positive
bike servicing ok chha,neutral
malai worker haru angry lagyo,negative
ma yo garage bata ramro bhayo,positive
mero bike condition worst thiena,positive
brake system use garda fast feel bhayo,positive
brake condition thikai chha,neutral
CUSTOMER SERVICE BABBAL CHA TARA RISAUNE CHA,negative
car servicing use garda bhorosa feel bhayo,positive
worker haru ma lajawab experience bhayo,positive
yo mechanic dherai poor lagyo,negative
YO PRICE LASTAI PATHETIC CHHA,negative
payment system chitto thiyo tara naraamro bhayo,negative
"brake system professional pani cha, ruksha pani cha",neutral
"TYRE CONDITION QUALITY PANI CHA, SCAM PANI CHA",neutral
Payment system ko quality thikkai cha,neutral
Yo workshop ko quality thikkai chha,neutral
vehicle performance ko quality quality cha,positive
brake condition lastai lajawab cha,positive
"yo workshop ma cheap cha, jhanjhat pani cha",neutral
yo garage lastai delay chha,negative
vehicle performance ekdam bigriyo cha,negative
CAR SERVICING NARAAMRO CHAINA,positive
yo thau affordable thiyo tara jhur bhayo,negative
yo bill ma average experience bhayo,neutral
repair cost ko barema man parena,negative
repair time ramro bhayo,positive
yo mechanic shop lastai fraud cha,negative
yo charge ma disappointed experience bhayo,negative
yo bill ok cha,neutral
BIKE SERVICING PURA BABBAL CHAINA,negative
yo mechanic dai so so,neutral
phone response ma thik bhayo,positive
support team ma problem solve bhayo,positive
Phone response ko barema smooth cha,positive
ma vehicle performance bata thikai cha,neutral
waiting time lastai okay cha,neutral
engine condition ko quality sasto cha,positive
car servicing jhyau cha tara satisfied cha,positive
yo mechanic shop ma original parts,positive
yo mechanic ma fake parts,negative
payment system ma oil change,neutral
maintenance service ma khusi experience bhayo,positive
billing system satisfied chaina,negative
yo bill ko quality normal cha,neutral
Engine condition awesome thiyo tara phutyo bhayo,negative
mero experience ekdam quick cha,positive
yo thau jhur chaina,positive
mero bike condition satisfied thiyo tara damage bhayo,negative
"mero experience sahayogi pani cha, phutyo pani cha",neutral
yo spare parts use garda bakwas feel bhayo,negative
staff haru ma top quality,positive
YO SERVICING KO BAREMA SO SO,neutral
waiting time okay chha,neutral
bike servicing kaam bhayo,neutral
delivery time dherai thikkai lagyo,neutral
ENGINE CONDITION MA EXPENSIVE EXPERIENCE BHAYO,negative
complaint handling safa thiyo tara khera bhayo,negative
"car servicing ma professional cha, problem pani cha",neutral
car servicing chor chaina,positive
parts replacement ekdam perfect cha,positive
parts quality dherai khusi lagyo,positive
yo mechanic shop ekdam slow cha,negative
yo servicing center dherai nikamma lagyo,negative
brake condition normal cha,neutral
payment system ma sasto experience bhayo,positive
"Yo mechanic dai mitho pani cha, fraud pani cha",neutral
mero bike condition ma rubbish experience bhayo,negative
complaint handling ma just okay,neutral
engine condition engine check,neutral
parts quality sifaris bhaena,negative
ma overall experience bata ramro lagyo,positive
malai waiting time normal lagyo,neutral
yo charge use garda bigriyo feel bhayo,negative
bill amount pura ramaro chaina,negative
WORKER HARU KO QUALITY ANNOYED CHHA,negative
yo repair service bigreko thiyo tara awesome bhayo,positive
malai yo repair service quality lagena,negative
support team bhorosa chaina,negative
billing system use garda luteko feel bhayo,negative
delivery time use garda delay feel bhayo,negative
staff haru ma phutyo experience bhayo,negative
yo mechanic shop ma thikai cha,neutral
brake system man paryo,positive
engine repair ma avoid garnu,negative
mero bike condition ma feri aauchu,positive
tyre condition ma paisa khera,negative
service time okay cha,neutral
malai bike servicing sahayogi lagyo,positive
malai engine repair pathetic lagyo,negative
yo charge ekdam thikai cha,neutral
YO BILL MA NO RESPONSE,negative
yo thau kaam adhuro,negative
maintenance service pura happy chaina,negative
yo workshop lastai mahango cha,negative
repair time ko barema thikkai cha,neutral
replacement parts normal cha,neutral
vehicle performance ko quality normal cha,neutral
bill amount lastai problem cha,negative
customer service lastai ruksha cha,negative
repair time use garda cheat feel bhayo,negative
mero bike condition oil change,neutral
malai payment system naraamro lagyo,negative
replacement parts ma kharab experience bhayo,negative
malai waiting time risaune lagyo,negative
repair cost ma santusta experience bhayo,positive
yo thau use garda naraamro feel bhayo,negative
yo place pura awesome chaina,negative
VEHICLE PERFORMANCE MA NIKAMMA EXPERIENCE BHAYO,negative
phone response ko barema ramro lagena,negative
parts quality sahi cha,positive
"bike servicing ma khusi cha, slow pani cha",neutral
repair time useless chaina,positive
yo bill ma thikkai experience bhayo,neutral
Yo servicing center ma ramro lagena,negative
parts replacement ekdam thikai cha,neutral
brake condition use garda ok feel bhayo,neutral
mero car condition cheat thiyo tara dhanyabad bhayo,positive
mero bike condition terrible bhaena,positive
brake condition ekdam delay cha,negative
tyre condition dherai poor lagyo,negative
staff haru ma late experience bhayo,negative
phone response dherai great lagyo,positive
replacement parts thik jasto,neutral
ma yo technician bata thik jasto,neutral
replacement parts ma thikai experience bhayo,neutral
tyre condition excellent thiyo tara fohor bhayo,negative
malai engine condition ghatiya lagyo,negative
engine kaam recommend thiyo tara jhyau bhayo,negative
brake system use garda ramaro feel bhayo,positive
ma yo auto workshop bata thikai cha,neutral
customer service ma ramro bhayo,positive
yo thau ma normal experience bhayo,neutral
SUPPORT TEAM KO QUALITY OKAY CHA,neutral
YO CHARGE EKDAM BHOROSILO CHA,positive
billing system just okay,neutral
malai yo spare parts samanya lagyo,neutral
yo mechanic shop pura badhiya chaina,negative
support team ko quality angry cha,negative
malai tyre condition bhorosilo lagyo,positive
yo mechanic dai jhyau thiyo tara happy bhayo,positive
mero car condition dherai khusi lagyo,positive
replacement parts dherai useless lagyo,negative
"payment system ma bharpardo cha, phutyo pani cha",neutral
maintenance service ali thik,neutral
waiting time ma careless experience bhayo,negative
repair time ko quality ok cha,neutral
tyre condition ruksha bhaena,positive
engine repair ko barema thik bhayo,positive
staff haru pura adhuro chaina,positive
parts quality ma cheat experience bhayo,negative
yo price dherai problem lagyo,negative
delivery time ma ramro bhayo,positive
worker haru ko quality ghatiya cha,negative
bike servicing use garda samasya feel bhayo,negative
billing system ko barema man parena,negative
engine kaam ekdam normal chha,neutral
bike servicing lastai friendly cha,positive
tyre condition ma ok experience bhayo,neutral
billing system ko barema thik garena,negative
worker haru lastai ok cha,neutral
Yo servicing great thiyo tara naramo bhayo,negative
malai billing system cheat lagyo,negative
"yo auto workshop ma bhorosilo cha, jhanjhat pani cha",neutral
repair time thikai cha,neutral
yo repair service ko barema kaam bhayo,neutral
overall experience ko quality friendly cha,positive
YO THAU SUNDAR CHA,positive
yo spare parts ma sundar experience bhayo,positive
repair cost lastai dhilo cha,negative
yo technician overpriced cha tara awesome cha,positive
parts replacement lastai normal cha,neutral
parts replacement average cha,neutral
malai tyre condition average lagyo,neutral
yo auto workshop lastai awesome cha,positive
mero car condition ko quality mahengo cha,negative
yo mechanic dai ok cha,neutral
"vehicle performance majja pani cha, useless pani cha",neutral
YO SPARE PARTS DHERAI SAHI LAGYO,positive
billing system satisfied thiyo tara fraud bhayo,negative
overall experience ekdam ok cha,neutral
yo place dherai normal lagyo,neutral
"yo place ma professional cha, fake pani cha",neutral
ma overall experience bata thikai cha,neutral
repair time so so,neutral
"DELIVERY TIME EXCELLENT PANI CHA, TERRIBLE PANI CHA",neutral
"Yo charge sipalu pani cha, fohor pani cha",neutral
"customer service smooth pani cha, poor pani cha",neutral
BILLING SYSTEM JHUR BHAENA,positive
yo auto workshop ekdam sipalu cha,positive
delivery time use garda perfect feel bhayo,positive
service cost ma sifaris experience bhayo,positive
yo bill awesome thiyo tara expensive bhayo,negative
bike servicing smooth cha tara waste cha,negative
staff haru lastai quick cha,positive
mero bike condition sasto thiena,negative
mero car condition use garda chor feel bhayo,negative
yo mechanic dhila cha,negative
support team dherai professional lagyo,positive
engine condition ko barema chitta bujhyo,positive
yo charge ko quality friendly cha,positive
"engine condition bhorosa pani cha, samasya pani cha",neutral
overall experience ma man paryo,positive
yo repair service oil change,neutral
yo servicing center awful cha,negative
Engine condition ma just okay,neutral
billing system kaam adhuro,negative
mero experience dhilo chaina,positive
yo place mahengo cha tara excellent cha,positive
staff haru bakwas cha tara bharpardo cha,positive
yo bill hawa chaina,positive
engine repair use garda bhorosilo feel bhayo,positive
YO SPARE PARTS JHANJHAT CHHA,negative
repair time satisfied cha tara disappointed cha,negative
worker haru ko quality dhanyabad cha,positive
engine repair ekdam okay cha,neutral
service time ma service bhayo,neutral
"yo technician chitto pani cha, waste pani cha",neutral
bike servicing sifaris bhaena,negative
bike servicing chitto thiyo tara fraud bhayo,negative
brake system naramro chaina,positive
yo servicing ko quality bakbas cha,negative
mero bike condition khera cha tara bhorosa cha,positive
yo servicing rubbish bhaena,positive
ma replacement parts bata paisa khera,negative
"yo charge ma ramrari cha, kharab pani cha",neutral
mero car condition use garda normal feel bhayo,neutral
mero experience ekdam thikkai chha,neutral
Repair cost ma thik experience bhayo,neutral
engine kaam useless thiena,positive
PARTS QUALITY KO BAREMA NEVER AGAIN,negative
mero car condition use garda sahayogi feel bhayo,positive
ma parts replacement bata ramro bhayo,positive
yo workshop ko barema so so,neutral
yo workshop thik jasto,neutral
waiting time ekdam reliable chha,positive
MALAI WORKER HARU PROBLEM LAGENA,positive
staff haru ko quality luteko cha,negative
mero car condition awesome chaina,negative
yo mechanic shop ma feri aauchu,positive
mero experience quick thiyo tara raddi bhayo,negative
BATTERY SERVICE LASTAI THIK CHA,neutral
yo servicing pura santusta chaina,negative
yo charge thikai cha,neutral
complaint handling ma paisa khera,negative
malai bike servicing babbal lagena,negative
engine condition ma recommend gardina,negative
malai repair cost awful lagena,positive
yo technician okay cha,neutral
"customer service ma chitto cha, terrible pani cha",neutral
mero car condition rubbish thiyo tara majja bhayo,positive
parts replacement ko barema engine check,neutral
engine repair ko barema thik garena,negative
malai worker haru thikkai lagyo,neutral
repair cost dherai ok lagyo,neutral
car servicing ma oil change,neutral
yo thau lastai terrible cha,negative
engine condition bakbas bhaena,positive
Service time ko quality thikai cha,neutral
phone response ekdam ramaro cha,positive
Support team average cha,neutral
yo charge lastai santusta cha,positive
yo technician ma recommend gardina,negative
yo mechanic dai feri aauchu,positive
"service cost bhorosilo pani cha, cheat pani chha",neutral
MA YO MECHANIC SHOP BATA THIKAI CHA,neutral
"yo servicing khusi pani cha, unprofessional pani cha",neutral
tyre condition imandar thiyo tara jhyau bhayo,negative
yo spare parts ko quality thikkai cha,neutral
yo mechanic shop dherai great lagyo,positive
yo garage dherai chor lagyo,negative
yo mechanic shop use garda prasanna feel bhayo,positive
yo workshop fohor cha,negative
overall experience thag cha tara reliable cha,positive
staff haru thikkai cha,neutral
yo mechanic ma safa experience bhayo,positive
malai battery service thikkai lagyo,neutral
mero bike condition fast bhaena,negative
parts replacement ko quality ruksha cha,negative
Yo mechanic shop ko quality bigriyo cha,negative
"car servicing excellent pani cha, dhila pani cha",neutral
parts quality risaune cha tara awesome cha,positive
yo place fake cha tara mitho cha,positive
repair time dherai jhur lagyo,negative
SERVICE COST TERRIBLE CHA TARA SAFA CHA,positive
customer service khera thiyo tara babbal bhayo,positive
engine kaam best thiyo tara fake bhayo,negative
Service time pura bekar chaina,positive
repair time ko barema engine bigriyo,negative
ma yo thau bata oil change,neutral
phone response ko barema problem solve bhayo,positive
mero experience use garda badhiya feel bhayo,positive
yo servicing ma on time,positive
delivery time scam thiyo tara raamro bhayo,positive
mero experience lajawab cha,positive
malai worker haru ok lagyo,neutral
engine kaam use garda smooth feel bhayo,positive
battery service recommend chaina,negative
STAFF HARU KO BAREMA KAAM BHAYO,neutral
yo repair service duplicate cha tara majja cha,positive
staff haru problem solve bhayo,positive
yo repair service ma problem experience bhayo,negative
payment system ko quality okay cha,neutral
billing system use garda great feel bhayo,positive
payment system thik cha,neutral
Yo garage ekdam normal chha,neutral
tyre condition dherai galti lagyo,negative
mero experience ekdam average cha,neutral
"worker haru sahi pani cha, expensive pani cha",neutral
YO BILL MA FAKE PARTS,negative
payment system ekdam samanya cha,neutral
yo charge ma problem solve bhayo,positive
worker haru ekdam thikkai cha,neutral
YO CHARGE DHERAI MITHO LAGYO,positive
engine kaam awesome cha tara useless cha,negative
"staff haru gajjab pani cha, worst pani chha",neutral
"delivery time ma excellent cha, phutyo pani chha",neutral
"replacement parts safa pani cha, unprofessional pani cha",neutral
malai bike servicing mast lagena,negative
engine repair thikkai cha,neutral
malai repair time ok lagyo,neutral
Yo auto workshop ko quality normal cha,neutral
billing system pura jhyau chaina,positive
overall experience ko quality dukha cha,negative
customer service ma highly recommend,positive
YO CHARGE PURA DISAPPOINTED CHAINA,positive
YO MECHANIC DAI MA SAME ISSUE,negative
ma tyre condition bata avoid garnu,negative
Complaint handling useless thiena,positive
repair time lastai best chha,positive
mero car condition ko quality smooth cha,positive
yo auto workshop dherai thik lagyo,neutral
YO PLACE RELIABLE THIENA,negative
yo mechanic shop jhanjhat bhaena,positive
bike servicing ekdam prasanna cha,positive
YO GARAGE MA VALUE FOR MONEY,positive
yo technician pura damage chaina,positive
yo mechanic shop lastai samanya cha,neutral
billing system prasanna cha tara chor cha,negative
yo mechanic shop ko barema highly recommend,positive
ma complaint handling bata oil change,neutral
repair cost dhila cha tara sahi chha,positive
repair time ma safa experience bhayo,positive
service time ko barema original parts,positive
staff haru thikai cha,neutral
yo bill thag cha,negative
waiting time reasonable thiyo tara nikamma bhayo,negative
yo bill dherai sahi lagyo,positive
repair cost top quality,positive
maintenance service awesome chaina,negative
mero experience ma kaam adhuro,negative
YO TECHNICIAN MA THIK GARENA,negative
YO MECHANIC DAI PURA BAD CHAINA,positive
bike servicing kharab cha tara great cha,positive
mero bike condition ignored chaina,positive
delivery time sifaris thiyo tara bakwas bhayo,negative
billing system ekdam delay cha,negative
staff haru ko quality quick cha,positive
support team ma feri aauchu,positive
BIKE SERVICING MA THIKAI CHA,neutral
yo workshop use garda average feel bhayo,neutral
service cost professional chha,positive
"yo mechanic shop bhalo pani cha, terrible pani cha",neutral
yo repair service ma worth it,positive
yo garage use garda overpriced feel bhayo,negative
ma mero experience bata value for money,positive
yo repair service ko quality ramro cha,positive
yo servicing center raamro chaina,negative
ma yo thau bata engine bigriyo,negative
yo repair service dhila cha tara excellent cha,positive
mero car condition use garda luteko feel bhayo,negative
"parts replacement ma safa cha, jhutho pani cha",neutral
ma yo garage bata engine check,neutral
yo thau bigreko thiena,positive
"engine repair ma sahyog cha, poor pani cha",neutral
yo mechanic dherai annoyed lagyo,negative
MALAI YO PRICE AWESOME LAGENA,negative
yo mechanic dai dherai average lagyo,neutral
delivery time ma ramro lagyo,positive
yo technician thikai cha,neutral
"yo auto workshop durable pani cha, duplicate pani cha",neutral
phone response ma man paryo,positive
"staff haru smooth pani cha, worsened pani cha",neutral
malai waiting time jhanjhat lagena,positive
maintenance service dherai normal lagyo,neutral
"yo repair service excellent pani cha, worst pani cha",neutral
yo charge ko barema avoid garnu,negative
maintenance service durable thiena,negative
ma yo bill bata thik bhayo,positive
Service cost expensive thiena,positive
support team disappointed bhaena,positive
mero bike condition bigreko thiyo tara perfect bhayo,positive
yo price use garda perfect feel bhayo,positive
billing system ekdam durable cha,positive
parts quality use garda angry feel bhayo,negative
malai engine kaam nice lagyo,positive
vehicle performance ma ok experience bhayo,neutral
yo spare parts pura ramrari chaina,negative
vehicle performance use garda thikai feel bhayo,neutral
mero experience engine check,neutral
customer service dherai fohor lagyo,negative
parts quality smooth cha tara poor cha,negative
"brake system ma affordable cha, dhokha pani cha",neutral
yo garage bhalo thiena,negative
ma delivery time bata engine check,neutral
brake system ekdam thikai cha,neutral
support team nikamma chaina,positive
yo mechanic dai santusta thiyo tara bigreko bhayo,negative
ma car servicing bata so so,neutral
yo garage use garda average feel bhayo,neutral
malai phone response jhanjhat lagyo,negative
Car servicing ekdam normal cha,neutral
yo price dherai thikkai lagyo,neutral
yo place honest thiena,negative
"staff haru cheap pani cha, jhutho pani cha",neutral
Maintenance service affordable bhaena,negative
yo bill use garda waste feel bhayo,negative
malai yo bill useless lagena,positive
yo mechanic dai ko barema hidden charge,negative
tyre condition ko quality okay cha,neutral
malai customer service thik lagyo,neutral
service cost ekdam professional cha,positive
malai service cost samanya lagyo,neutral
yo workshop dherai quality lagyo,positive
waiting time ramro lagyo,positive
staff haru recommend chaina,negative
Parts replacement use garda thikai feel bhayo,neutral
CUSTOMER SERVICE KO QUALITY QUICK CHA,positive
yo repair service useless cha,negative
Yo thau ko barema so so,neutral
"yo auto workshop ma helpful cha, thagi pani cha",neutral
ma tyre condition bata man paryo,positive
maintenance service satisfied cha tara worsened cha,negative
ma engine repair bata raamro lagyo,positive
ma tyre condition bata engine check,neutral
tyre condition pura cheap chaina,negative
battery service annoyed thiena,positive
yo spare parts ko barema kaam bhayo,neutral
Maintenance service use garda bharpardo feel bhayo,positive
yo mechanic angry bhaena,positive
yo garage ma worth it,positive
yo mechanic ekdam delay cha,negative
yo mechanic just okay,neutral
worker haru ma samanya experience bhayo,neutral
ma parts quality bata thikai cha,neutral
vehicle performance bigriyo thiena,positive
vehicle performance ko quality fast cha,positive
yo servicing center samasya thiyo tara dhanyabad bhayo,positive
replacement parts helpful bhaena,negative
overall experience kaam sakiyo,neutral
service time pura jabardast chaina,negative
replacement parts samanya cha,neutral
yo servicing center lastai hawa cha,negative
ma yo mechanic shop bata so so,neutral
worker haru ma chitta bujhena,negative
engine kaam ma worth it,positive
bill amount samasya cha tara khusi cha,positive
repair cost low quality,negative
repair cost ekdam frustrated cha,negative
yo workshop use garda okay feel bhayo,neutral
brake system kaam adhuro,negative
"repair time mitho pani cha, dukha pani cha",neutral
mero bike condition ko quality angry cha,negative
yo price sasto thiena,negative
yo servicing center ko quality ok cha,neutral
"staff haru sasto pani cha, fraud pani cha",neutral
staff haru lastai thik cha,neutral
parts quality sahyog thiyo tara mahango bhayo,negative
mero experience samasya thiena,positive
VEHICLE PERFORMANCE MA FERI AAUCHU,positive
service cost lastai normal chha,neutral
brake system phutyo cha,negative
yo garage pura dhila chaina,positive
parts replacement ekdam normal cha,neutral
repair cost dherai bekar lagyo,negative
mero bike condition best thiyo tara bigreko bhayo,negative
repair time damage chaina,positive
bike servicing use garda bakbas feel bhayo,negative
worker haru ma satisfied chaina,negative
DELIVERY TIME LASTAI RELIABLE CHA,positive
replacement parts ekdam naramo cha,negative
yo repair service naramo thiyo tara babbal bhayo,positive
bill amount unprofessional cha tara smooth chha,positive
yo garage lastai ignored cha,negative
yo servicing thagi cha tara dhanyabad cha,positive
support team ignored chaina,positive
engine condition ko barema man paryo,positive
yo technician ko quality ramro chha,positive
malai phone response durable lagena,negative
delivery time rude thiena,positive
"yo spare parts ma sundar cha, naraamro pani cha",neutral
maintenance service badhiya thiena,negative
yo charge lastai dami cha,positive
bike servicing use garda samanya feel bhayo,neutral
support team bhorosilo bhaena,negative
yo spare parts ko quality recommend cha,positive
Yo auto workshop ma duplicate experience bhayo,negative
MALAI TYRE CONDITION THIKKAI LAGYO,neutral
service cost ekdam reliable cha,positive
yo mechanic dherai ok lagyo,neutral
Yo auto workshop ekdam normal cha,neutral
malai mero bike condition satisfied lagena,negative
car servicing phutyo cha tara excellent cha,positive
Yo spare parts ko barema chitta bujhyo,positive
repair cost pura ramrari chaina,negative
yo spare parts man paryo,positive
complaint handling use garda thik feel bhayo,neutral
customer service fake chha tara dami cha,positive
yo technician ko barema highly recommend,positive
payment system value for money,positive
bill amount use garda babbal feel bhayo,positive
engine kaam ma paisa khera,negative
Parts quality worsened thiyo tara jabardast bhayo,positive
mero car condition fake parts,negative
mero bike condition use garda faltu feel bhayo,negative
repair time ma so so,neutral
malai yo spare parts bigriyo lagyo,negative
BATTERY SERVICE PURA BAKBAS CHAINA,positive
billing system ma avoid garnu,negative
waiting time ko barema engine bigriyo,negative
mero car condition ekdam normal cha,neutral
yo servicing center ekdam okay chha,neutral
"MERO BIKE CONDITION SAHYOG PANI CHA, SCAM PANI CHA",neutral
mero car condition dherai okay lagyo,neutral
yo mechanic dai ma thik jasto,neutral
Engine kaam ekdam ok cha,neutral
MA BIKE SERVICING BATA THIK JASTO,neutral
YO MECHANIC DAI SASTO THIYO TARA BEKAR BHAYO,negative
repair time nikamma thiyo tara raamro bhayo,positive
yo bill cheap thiena,negative
vehicle performance ma normal experience bhayo,neutral
yo technician ko quality dhokha cha,negative
tyre condition sahayogi bhaena,negative
support team ekdam raamro cha,positive
mero car condition ignored cha tara mitho cha,positive
payment system not recommended,negative
vehicle performance thik garena,negative
yo technician ma thikkai experience bhayo,neutral
yo mechanic dherai average lagyo,neutral
ma yo charge bata man paryo,positive
yo technician use garda ok feel bhayo,neutral
repair time ghatiya cha tara asal cha,positive
parts quality badhiya chaina,negative
maintenance service ma scam experience bhayo,negative
yo servicing center sahyog thiena,negative
"brake system lajawab pani cha, naramro pani cha",neutral
billing system never again,negative
support team ekdam samanya cha,neutral
"yo bill nice pani cha, naramo pani cha",neutral
waiting time dherai ok lagyo,neutral
yo mechanic dai pura affordable chaina,negative
Maintenance service ko quality adhuro cha,negative
car servicing pura sahi chaina,negative
bike servicing lastai okay cha,neutral
ma parts replacement bata so so,neutral
yo servicing delay cha,negative
BRAKE CONDITION LASTAI NORMAL CHA,neutral
Yo repair service adhuro cha,negative
"waiting time ma awesome cha, bad pani cha",neutral
phone response so so,neutral
yo place lastai affordable cha,positive
"support team durable pani cha, dhokha pani cha",neutral
yo price dherai sundar lagyo,positive
yo technician ekdam samanya chha,neutral
brake system pura waste chaina,positive
parts quality ramro bhayo,positive
yo mechanic dherai imandar lagyo,positive
yo mechanic sahi cha,positive
engine condition ko quality raamro cha,positive
yo spare parts dherai waste lagyo,negative
yo charge careless cha tara gajjab cha,positive
"yo garage ma sahi cha, waste pani cha",neutral
engine condition pura santusta chaina,negative
brake system samanya cha,neutral
vehicle performance khusi cha,positive
customer service recommend cha,positive
repair cost ko barema chitta bujhena,negative
overall experience ma sahayogi experience bhayo,positive
yo price ko barema smooth chha,positive
ma yo price bata service bhayo,neutral
payment system ma value for money,positive
Delivery time ma normal experience bhayo,neutral
"yo charge ma nice cha, naramro pani cha",neutral
complaint handling bhorosa bhaena,negative
complaint handling ma worth it,positive
ma parts quality bata used parts,negative
customer service ma samanya experience bhayo,neutral
mero bike condition ekdam okay cha,neutral
malai billing system hawa lagena,positive
complaint handling dherai average lagyo,neutral
engine condition dherai excellent lagyo,positive
yo price ma okay experience bhayo,neutral
yo place pura bhalo chaina,negative
worker haru ma ok experience bhayo,neutral
tyre condition ko barema kaam bhayo,neutral
overall experience useless chaina,positive
replacement parts good thiyo tara scam bhayo,negative
engine condition ko quality raddi cha,negative
malai brake system okay lagyo,neutral
service cost bekar cha tara mitho cha,positive
yo workshop sasto cha,positive
yo servicing center ma friendly experience bhayo,positive
worker haru frustrated thiena,positive
"repair time ma perfect cha, jhanjhat pani cha",neutral
Service time lastai ok cha,neutral
service time ekdam thikkai cha,neutral
delivery time ma dhanyabad experience bhayo,positive
overall experience ko barema original parts,positive
customer service chitta bujhyo,positive
Malai yo workshop cheat lagena,positive
malai yo price professional lagyo,positive
service time chitta bujhyo,positive
service cost use garda ok feel bhayo,neutral
customer service ko quality samanya cha,neutral
overall experience frustrated bhaena,positive
overall experience dherai phutyo lagyo,negative
malai brake condition khera lagyo,negative
yo bill lastai sasto cha,positive
mero bike condition lastai okay cha,neutral
"yo place ma khusi cha, careless pani cha",neutral
worker haru ko quality okay cha,neutral
yo repair service lastai asal cha,positive
WAITING TIME AVERAGE CHHA,neutral
brake system ekdam thik cha,neutral
ma billing system bata ramro bhayo,positive
support team pura reasonable chaina,negative
yo thau man paryo,positive
yo thau ma kaam adhuro,negative
yo servicing center lastai bigreko cha,negative
yo mechanic dai ekdam majja cha,positive
tyre condition pura luteko chaina,positive
yo bill use garda dhila feel bhayo,negative
engine condition dherai thikai lagyo,neutral
Repair cost dherai thikai lagyo,neutral
service time ekdam friendly cha,positive
billing system ignored chaina,positive
Delivery time safa thiyo tara useless bhayo,negative
engine kaam ekdam asal cha,positive
yo workshop use garda recommend feel bhayo,positive
"car servicing quick pani cha, luteko pani cha",neutral
malai complaint handling expensive lagena,positive
ma waiting time bata service bhayo,neutral
repair cost lastai bakwas cha,negative
engine kaam ma thikai experience bhayo,neutral
malai yo garage sahi lagena,negative
ma yo auto workshop bata worth it,positive
complaint handling pura satisfied chaina,negative
parts quality durable cha tara bakbas cha,negative
customer service cheap thiyo tara slow bhayo,negative
phone response ma service bhayo,neutral
parts quality ko barema thik garena,negative
service time ekdam samanya cha,neutral
bill amount mast thiena,negative
phone response lastai normal cha,neutral
parts replacement ko quality duplicate cha,negative
car servicing lastai samanya chha,neutral
malai brake condition unprofessional lagyo,negative
car servicing lastai bhorosilo cha,positive
billing system ekdam santusta cha,positive
malai vehicle performance okay lagyo,neutral
malai replacement parts samanya lagyo,neutral
parts replacement dherai thik lagyo,neutral
support team ma top quality,positive
repair cost ma normal experience bhayo,neutral
repair time dherai okay lagyo,neutral
malai payment system mahango lagyo,negative
service time thik jasto,neutral
Malai yo servicing center okay lagyo,neutral
malai yo servicing jhutho lagyo,negative
"yo repair service ma sifaris cha, bigreko pani cha",neutral
yo technician ekdam okay cha,neutral
brake condition ma not recommended,negative
yo servicing center man parena,negative
brake condition ko quality nice cha,positive
ENGINE REPAIR USE GARDA SAMANYA FEEL BHAYO,neutral
support team best cha tara thagi cha,negative
maintenance service dhanyabad cha,positive
yo auto workshop dherai jabardast lagyo,positive
SERVICE COST MA ALI THIK,neutral
engine repair ko barema hidden charge,negative
yo repair service ko quality sasto cha,positive
engine condition lastai samanya cha,neutral
yo servicing dherai khusi lagyo,positive
yo garage thik cha,neutral
malai yo auto workshop rubbish lagena,positive
yo workshop best thiyo tara bigriyo bhayo,negative
phone response normal chha,neutral
malai complaint handling jhyau lagyo,negative
waiting time ma kaam bhayo,neutral
repair cost ekdam gajjab cha,positive
Malai parts replacement samanya lagyo,neutral
mero bike condition ma average experience bhayo,neutral
yo mechanic dai imandar thiena,negative
"Yo spare parts ma cheap cha, duplicate pani chha",neutral
repair time useless cha tara smooth cha,positive
yo price faltu cha,negative
mero car condition ma hidden charge,negative
staff haru ma normal experience bhayo,neutral
yo servicing center kharab chha tara mitho cha,positive
yo charge ok cha,neutral
malai yo auto workshop best lagena,negative
mero bike condition lastai terrible cha,negative
mero car condition bhalo chaina,negative
malai yo technician asal lagyo,positive
mero experience use garda worst feel bhayo,negative
yo price dherai okay lagyo,neutral
yo mechanic dai use garda happy feel bhayo,positive
ma battery service bata man paryo,positive
tyre condition jhanjhat chaina,positive
Maintenance service use garda normal feel bhayo,neutral
Malai maintenance service professional lagyo,positive
complaint handling careless cha tara sundar chha,positive
Ma yo auto workshop bata kaam sakiyo,neutral
service time ma waste experience bhayo,negative
mero car condition ko barema chitta bujhyo,positive
yo mechanic shop ignored thiyo tara sundar bhayo,positive
"yo servicing center sundar pani cha, jhutho pani cha",neutral
"brake condition ma happy cha, scam pani cha",neutral
yo auto workshop lastai thagi cha,negative
vehicle performance ma chor experience bhayo,negative
complaint handling lastai okay chha,neutral
complaint handling ekdam friendly cha,positive
bike servicing satisfied chaina,negative
malai payment system okay lagyo,neutral
malai mero bike condition sahyog lagena,negative
PHONE RESPONSE CHEAP CHA,positive
TYRE CONDITION BEST BHAENA,negative
yo place feri aauchu,positive
malai yo garage mitho lagena,negative
yo technician ma risaune experience bhayo,negative
overall experience worsened cha tara raamro cha,positive
staff haru ma okay experience bhayo,neutral
complaint handling lastai normal cha,neutral
yo servicing center use garda reasonable feel bhayo,positive
ma brake system bata thik jasto,neutral
yo bill mahango chaina,positive
bill amount lastai recommend cha,positive
billing system ko barema so so,neutral
engine kaam frustrated cha tara great chha,positive
YO PLACE LASTAI SAMANYA CHA,neutral
malai worker haru average lagyo,neutral
yo garage pura poor chaina,positive
yo place worsened cha tara lajawab chha,positive
engine condition ekdam samanya cha,neutral
YO MECHANIC FAST CHA TARA RUKSHA CHA,negative
Yo repair service reasonable thiyo tara bigreko bhayo,negative
yo charge pura bekar chaina,positive
yo garage bharpardo bhaena,negative
parts replacement ko quality ok cha,neutral
service cost sifaris thiyo tara nikamma bhayo,negative
tyre condition ma kaam bhayo,neutral
yo repair service use garda thik feel bhayo,neutral
"yo mechanic shop gajjab pani cha, rubbish pani cha",neutral
mero experience ma worst experience bhayo,negative
yo servicing ko barema thik jasto,neutral
engine repair ma damage experience bhayo,negative
"yo auto workshop ma santusta cha, ignored pani cha",neutral
yo thau dherai dukha lagyo,negative
Yo servicing ekdam ramrari cha,positive
malai yo bill smooth lagena,negative
MA YO CHARGE BATA RAMRO LAGENA,negative
VEHICLE PERFORMANCE RAMRO BHAYO,positive
delivery time lastai expensive cha,negative
yo mechanic lastai thikai cha,neutral
ma yo place bata purano parts,negative
replacement parts ma kaam sakiyo,neutral
engine kaam lastai mitho cha,positive
payment system ko barema highly recommend,positive
yo mechanic shop oil change,neutral
ma maintenance service bata just okay,neutral
yo garage pura risaune chaina,positive
yo repair service angry thiyo tara jabardast bhayo,positive
ma yo bill bata damage bhayo,negative
phone response nice thiyo tara ghatiya bhayo,negative
car servicing ma okay experience bhayo,neutral
billing system mahengo cha tara great cha,positive
customer service ekdam thik cha,neutral
payment system careless thiyo tara great bhayo,positive
maintenance service dhilo chaina,positive
worker haru thikai cha,neutral
overall experience no response,negative
yo bill ma low quality,negative
service time expensive cha,negative
yo repair service use garda quality feel bhayo,positive
payment system dherai raddi lagyo,negative
overall experience used parts,negative
malai delivery time normal lagyo,neutral
waiting time ko barema so so,neutral
ma yo place bata value for money,positive
customer service kaam adhuro,negative
worker haru use garda mahengo feel bhayo,negative
CAR SERVICING EKDAM GREAT CHHA,positive
yo repair service use garda thikai feel bhayo,neutral
malai yo price risaune lagyo,negative
tyre condition lastai average cha,neutral
"yo auto workshop ma dami cha, cheat pani cha",neutral
MA PHONE RESPONSE BATA NEVER AGAIN,negative
yo mechanic shop lastai luteko cha,negative
brake system pura fraud chaina,positive
yo servicing use garda normal feel bhayo,neutral
service cost sasto cha tara naraamro cha,negative
yo bill reliable cha,positive
yo place ko barema never again,negative
"engine condition jabardast pani cha, faltu pani cha",neutral
parts quality ekdam professional cha,positive
yo mechanic ma santusta experience bhayo,positive
malai yo mechanic shop average lagyo,neutral
mero experience lastai samanya cha,neutral
yo servicing center quick cha,positive
staff haru dherai bhorosilo lagyo,positive
yo garage lastai mitho cha,positive
brake condition gajjab bhaena,negative
Engine condition lastai fraud cha,negative
repair cost ma just okay,neutral
Ma yo mechanic dai bata damage bhayo,negative
worker haru ekdam satisfied chha,positive
ma complaint handling bata on time,positive
yo thau use garda sahyog feel bhayo,positive
YO PRICE USE GARDA SAFA FEEL BHAYO,positive
yo price lastai thag cha,negative
parts replacement ghatiya bhaena,positive
yo spare parts expensive cha tara professional chha,positive
worker haru ma engine check,neutral
brake system use garda naramo feel bhayo,negative
mero car condition avoid garnu,negative
worker haru genuine thiyo tara bigriyo bhayo,negative
yo bill ekdam thikkai cha,neutral
"engine condition ma durable cha, dhila pani cha",neutral
yo mechanic ko barema damage bhayo,negative
maintenance service ko barema waste of money,negative
overall experience use garda thik feel bhayo,neutral
bike servicing ma service bhayo,neutral
"parts replacement professional pani cha, delay pani cha",neutral
engine repair use garda ramro feel bhayo,positive
service time dherai duplicate lagyo,negative
yo workshop affordable cha tara jhur chha,negative
maintenance service lastai average cha,neutral
yo charge thik cha,neutral
Parts quality thik jasto,neutral
malai maintenance service duplicate lagena,positive
staff haru ekdam rubbish cha,negative
brake condition use garda normal feel bhayo,neutral
delivery time ma ok experience bhayo,neutral
overall experience ko quality thikkai cha,neutral
malai battery service ok lagyo,neutral
Phone response late cha,negative
YO THAU USE GARDA NORMAL FEEL BHAYO,neutral
yo workshop ko barema service bhayo,neutral
parts quality ma okay experience bhayo,neutral
tyre condition ko barema engine check,neutral
staff haru angry cha,negative
yo price use garda bhorosilo feel bhayo,positive
brake condition ekdam honest cha,positive
YO MECHANIC SHOP OK CHA,neutral
repair time ma kharab experience bhayo,negative
maintenance service ekdam sipalu cha,positive
parts quality ko quality naraamro cha,negative
battery service santusta bhaena,negative
yo spare parts ekdam babbal cha,positive
ma support team bata engine check,neutral
engine condition dherai faltu lagyo,negative
yo mechanic shop delay cha tara ramro cha,positive
yo workshop ma sahayogi experience bhayo,positive
engine kaam dherai quick lagyo,positive
"parts replacement safa pani cha, damage pani cha",neutral
bill amount dherai overpriced lagyo,negative
yo mechanic ko quality jhur cha,negative
"service time honest pani cha, slow pani cha",neutral
malai yo technician disappointed lagena,positive
yo servicing ma man paryo,positive
"customer service ma satisfied cha, fohor pani cha",neutral
"yo repair service professional pani cha, overpriced pani chha",neutral
yo spare parts ko quality bakbas cha,negative
yo spare parts ramro bhayo,positive
yo charge ramro lagyo,positive
"battery service ma safa cha, risaune pani chha",neutral
replacement parts ok cha,neutral
yo auto workshop lastai okay chha,neutral
customer service on time,positive
service cost bhorosa thiena,negative
yo workshop expensive thiyo tara mitho bhayo,positive
staff haru pura recommend chaina,negative
battery service ko quality recommend cha,positive
yo mechanic shop feri aauchu,positive
Yo servicing ma thikai experience bhayo,neutral
yo mechanic ko quality normal cha,neutral
"brake system ma dhanyabad cha, dhilo pani chha",neutral
yo bill ko barema thik bhayo,positive
phone response bharpardo bhaena,negative
yo bill cheat cha tara genuine chha,positive
repair time ma nice experience bhayo,positive
bike servicing ma kaam bhayo,neutral
"bill amount cheap pani cha, samasya pani cha",neutral
"service cost ma durable cha, raddi pani cha",neutral
mero experience ekdam thikkai cha,neutral
yo technician ko barema just okay,neutral
YO AUTO WORKSHOP USE GARDA OKAY FEEL BHAYO,neutral
malai yo thau mitho lagena,negative
support team ko quality overpriced cha,negative
customer service never again,negative
tyre condition ma perfect experience bhayo,positive
yo mechanic shop used parts,negative
yo charge poor thiyo tara recommend bhayo,positive
service cost khera cha,negative
brake condition ko barema kaam bhayo,neutral
vehicle performance ekdam okay cha,neutral
yo mechanic dai oil change,neutral
phone response thikkai cha,neutral
yo mechanic use garda raddi feel bhayo,negative
"yo mechanic smooth pani cha, overpriced pani cha",neutral
maintenance service mast bhaena,negative
malai phone response bakwas lagyo,negative
yo spare parts ma service bhayo,neutral
PARTS REPLACEMENT BIGREKO THIENA,positive
yo mechanic ma chitta bujhena,negative
repair time lastai waste cha,negative
billing system use garda satisfied feel bhayo,positive
ma car servicing bata top quality,positive
"delivery time ma ramrari cha, poor pani chha",neutral
yo spare parts dherai gajjab lagyo,positive
repair cost ma sundar experience bhayo,positive
ma replacement parts bata service bhayo,neutral
Overall experience chitto chaina,negative
complaint handling pura ignored chaina,positive
yo servicing center ruksha bhaena,positive
yo thau ma original parts,positive
Malai payment system helpful lagyo,positive
mero experience ko quality normal cha,neutral
mero car condition raamro chaina,negative
mero experience pura fohor chaina,positive
malai yo bill great lagyo,positive
malai yo workshop dhokha lagyo,negative
brake condition ko quality okay cha,neutral
YO MECHANIC DAI MA PROBLEM SOLVE BHAYO,positive
"support team bhorosilo pani cha, bekar pani cha",neutral
customer service ko barema raamro lagyo,positive
yo price dherai thikai lagyo,neutral
malai yo mechanic shop professional lagyo,positive
yo servicing man parena,negative
yo technician ekdam sasto cha,positive
yo workshop pura mast chaina,negative
worker haru ma average experience bhayo,neutral
malai customer service mast lagena,negative
yo mechanic dai phutyo cha tara bhorosilo cha,positive
brake condition santusta cha,positive
yo charge quick thiena,negative
yo bill quality cha,positive
payment system ko barema fake parts,negative
yo thau annoyed cha,negative
yo mechanic dai pura dami chaina,negative
parts quality lastai okay cha,neutral
"waiting time majja pani cha, luteko pani cha",neutral
mero bike condition bhorosa cha,positive
Yo servicing center ma kaam sakiyo,neutral
malai worker haru jhur lagyo,negative
ma battery service bata kaam sakiyo,neutral
repair time fake parts,negative
parts replacement pura sahyog chaina,negative
repair time ma man parena,negative
support team cheat thiyo tara sipalu bhayo,positive
malai yo mechanic dai thikai lagyo,neutral
vehicle performance okay cha,neutral
engine condition ko quality okay chha,neutral
ma yo servicing bata chitta bujhena,negative
vehicle performance pura poor chaina,positive
worker haru dherai expensive lagyo,negative
waiting time faltu thiena,positive
"overall experience ma perfect cha, angry pani cha",neutral
"service cost santusta pani cha, fake pani cha",neutral
Bike servicing cheat cha tara honest cha,positive
billing system dherai samanya lagyo,neutral
"support team ma excellent cha, jhur pani cha",neutral
yo auto workshop smooth cha,positive
PHONE RESPONSE DHERAI EXPENSIVE LAGYO,negative
"brake system nice pani cha, waste pani cha",neutral
yo servicing center ma no response,negative
maintenance service dherai perfect lagyo,positive
customer service ma khusi experience bhayo,positive
tyre condition pura damage chaina,positive
"engine kaam ma lajawab cha, cheat pani chha",neutral
staff haru ekdam useless chha,negative
yo auto workshop overpriced thiyo tara ramrari bhayo,positive
yo servicing center chitto cha,positive
"engine condition excellent pani cha, worst pani cha",neutral
ma worker haru bata damage bhayo,negative
YO PLACE DAMI CHA TARA HAWA CHHA,negative
service cost ma thikkai experience bhayo,neutral
"brake condition ma excellent cha, bakbas pani cha",neutral
ma phone response bata damage bhayo,negative
mero experience pura safa chaina,negative
service time ekdam phutyo cha,negative
malai yo bill thik lagyo,neutral
yo servicing worth it,positive
yo servicing ruksha thiyo tara asal bhayo,positive
waiting time hawa thiyo tara excellent bhayo,positive
yo mechanic ma quick experience bhayo,positive
yo spare parts dherai ignored lagyo,negative
service time lastai okay cha,neutral
yo charge ko quality helpful cha,positive
yo spare parts dherai ruksha lagyo,negative
ENGINE CONDITION ENGINE BIGRIYO,negative
engine repair use garda overpriced feel bhayo,negative
waiting time ma thikkai cha,neutral
yo repair service ekdam helpful cha,positive
ma yo servicing bata duplicate parts,negative
yo mechanic dai ko barema engine check,neutral
yo repair service lastai samanya cha,neutral
parts replacement ekdam naramro cha,negative
yo auto workshop delay chaina,positive
parts replacement lastai thikai cha,neutral
maintenance service luteko thiyo tara dami bhayo,positive
"yo price majja pani cha, rude pani cha",neutral
worker haru pura dhila chaina,positive
waiting time ma waste experience bhayo,negative
car servicing naraamro bhaena,positive
yo mechanic dai dherai dhokha lagyo,negative
"ENGINE KAAM HAPPY PANI CHA, BIGRIYO PANI CHA",neutral
yo technician ko barema kaam sakiyo,neutral
yo price ekdam galti cha,negative
BATTERY SERVICE POOR CHA TARA DHANYABAD CHA,positive
billing system khusi cha tara delay cha,negative
yo garage chitta bujhyo,positive
worker haru ko barema thik jasto,neutral
bike servicing safa cha,positive
yo mechanic chitta bujhena,negative
ma waiting time bata satisfied chaina,negative
yo price ma mitho experience bhayo,positive
mero bike condition sahayogi thiyo tara frustrated bhayo,negative
billing system ma highly recommend,positive
bike servicing lastai cheat chha,negative
"parts replacement ma durable cha, risaune pani cha",neutral
engine kaam genuine chha tara expensive cha,negative
mero car condition ma ok experience bhayo,neutral
staff haru ko barema just okay,neutral
WORKER HARU MA IMANDAR EXPERIENCE BHAYO,positive
maintenance service pathetic thiyo tara lajawab bhayo,positive
"yo mechanic shop jabardast pani cha, jhanjhat pani cha",neutral
mero experience lastai jabardast cha,positive
complaint handling ekdam sasto chha,positive
parts replacement smooth cha tara fraud cha,negative
yo garage sipalu bhaena,negative
yo servicing center lastai rude cha,negative
mero bike condition ekdam ok cha,neutral
engine kaam naraamro cha,negative
BRAKE SYSTEM IGNORED CHA TARA MAST CHA,positive
waiting time ko quality honest cha,positive
PARTS QUALITY MA PROBLEM EXPERIENCE BHAYO,negative
engine condition ma okay experience bhayo,neutral
replacement parts lastai quick cha,positive
yo garage pura honest chaina,negative
replacement parts pura bhorosa chaina,negative
"complaint handling reliable pani cha, cheat pani cha",neutral
delivery time ma ignored experience bhayo,negative
repair cost ma kaam bhayo,neutral
yo repair service ma so so,neutral
billing system pura satisfied chaina,negative
complaint handling ma majja experience bhayo,positive
billing system thik cha,neutral
yo servicing ko barema just okay,neutral
phone response ma dhanyabad experience bhayo,positive
"service cost ma sasto cha, careless pani cha",neutral
ma yo charge bata use nagarnu,negative
ma complaint handling bata value for money,positive
malai repair time slow lagyo,negative
service cost ali thik,neutral
brake system ma ramro lagena,negative
"engine repair awesome pani cha, dhokha pani cha",neutral
engine condition lastai jabardast cha,positive
vehicle performance ko barema damage bhayo,negative
"maintenance service ramaro pani cha, dukha pani cha",neutral
customer service careless cha tara great cha,positive
replacement parts lastai okay cha,neutral
worker haru lastai bigriyo chha,negative
service cost ko quality thik chha,neutral
repair time adhuro bhaena,positive
maintenance service use garda jhyau feel bhayo,negative
PARTS REPLACEMENT BABBAL CHAINA,negative
yo garage use garda awesome feel bhayo,positive
staff haru use garda average feel bhayo,neutral
bike servicing lastai thikai cha,neutral
yo garage use garda ramaro feel bhayo,positive
engine repair fohor bhaena,positive
delivery time badhiya cha tara waste cha,negative
tyre condition man parena,negative
malai payment system thikai lagyo,neutral
customer service ko quality naramro cha,negative
yo mechanic shop ko barema satisfied chaina,negative
yo thau ekdam dhilo cha,negative
tyre condition use garda samanya feel bhayo,neutral
yo bill engine check,neutral
Yo place thikkai cha,neutral
yo charge use garda thikkai feel bhayo,neutral
yo charge babbal thiyo tara awful bhayo,negative
"car servicing ma mitho cha, naramo pani cha",neutral
billing system pathetic chaina,positive
ma yo servicing center bata on time,positive
malai repair cost jabardast lagyo,positive
Mero experience bharpardo thiyo tara expensive bhayo,negative
phone response damage thiena,positive
customer service ko barema used parts,negative
ENGINE CONDITION PURA PATHETIC CHAINA,positive
yo mechanic shop dherai ok lagyo,neutral
yo mechanic shop late thiyo tara sipalu bhayo,positive
ma mero bike condition bata on time,positive
PAYMENT SYSTEM PURA KHARAB CHAINA,positive
worker haru dherai sipalu lagyo,positive
yo workshop ma genuine experience bhayo,positive
phone response nice thiyo tara khera bhayo,negative
phone response pura lajawab chaina,negative
YO MECHANIC SHOP RAMRARI BHAENA,negative
parts replacement ekdam adhuro cha,negative
yo bill jhyau bhaena,positive
yo thau ma bhorosilo experience bhayo,positive
"complaint handling great pani cha, frustrated pani cha",neutral
malai replacement parts dhanyabad lagyo,positive
"yo place ma genuine cha, slow pani cha",neutral
OVERALL EXPERIENCE LOW QUALITY,negative
parts replacement santusta thiyo tara problem bhayo,negative
bill amount use garda ok feel bhayo,neutral
WORKER HARU KO QUALITY THIKAI CHA,neutral
engine condition dherai average lagyo,neutral
phone response dherai average lagyo,neutral
car servicing ko barema feri aauchu,positive
vehicle performance santusta cha tara risaune cha,negative
replacement parts ekdam thag chha,negative
malai yo bill durable lagyo,positive
yo price worst thiyo tara raamro bhayo,positive
customer service man parena,negative
yo spare parts ekdam thikkai cha,neutral
yo garage professional cha tara careless cha,negative
yo charge lastai thikai cha,neutral
battery service ramro bhayena,negative
complaint handling use garda thikai feel bhayo,neutral
yo charge naramro thiena,positive
MALAI DELIVERY TIME THIKAI LAGYO,neutral
Ma yo price bata thikai cha,neutral
yo bill ma quality experience bhayo,positive
yo price lastai bhalo cha,positive
brake system galti cha tara santusta cha,positive
"yo bill awesome pani cha, dukha pani cha",neutral
YO SERVICING CENTER MA OKAY EXPERIENCE BHAYO,neutral
yo mechanic shop ma rubbish experience bhayo,negative
engine repair perfect thiyo tara fohor bhayo,negative
bike servicing ko barema used parts,negative
repair time ko barema just okay,neutral
yo repair service babbal thiena,negative
"service cost imandar pani cha, terrible pani cha",neutral
MAINTENANCE SERVICE CHITTA BUJHENA,negative
yo spare parts terrible cha tara recommend cha,positive
yo thau no response,negative
mero experience dami cha,positive
parts quality khusi bhaena,negative
bill amount dhokha cha,negative
support team ma engine check,neutral
tyre condition ko quality dhilo cha,negative
bill amount dherai terrible lagyo,negative
car servicing lastai thikkai cha,neutral
malai yo place thagi lagyo,negative
customer service use garda rude feel bhayo,negative
TYRE CONDITION TOP QUALITY,positive
worker haru ma kaam adhuro,negative
support team thikkai cha,neutral
service time bad cha,negative
worker haru ma thik jasto,neutral
yo place use garda bhalo feel bhayo,positive
yo place dherai genuine lagyo,positive
replacement parts waste thiena,positive
yo servicing center top quality,positive
bike servicing ko quality thikai cha,neutral
repair time ma chitta bujhyo,positive
mero bike condition ma ali thik,neutral
yo place dherai thikai lagyo,neutral
bill amount ma pathetic experience bhayo,negative
yo price pura faltu chaina,positive
service time ekdam sahyog cha,positive
yo price thik bhayo,positive
yo place ko quality normal cha,neutral
MA YO MECHANIC SHOP BATA SERVICE BHAYO,neutral
vehicle performance ma hawa experience bhayo,negative
service time dherai ghatiya lagyo,negative
worker haru dherai thik lagyo,neutral
yo servicing center ok cha,neutral
"yo servicing center ma ramro cha, bad pani cha",neutral
REPAIR COST OKAY CHA,neutral
yo charge ma paisa khera,negative
yo technician samasya cha,negative
Worker haru engine bigriyo,negative
MALAI SERVICE COST MAHENGO LAGYO,negative
repair cost ko quality excellent cha,positive
staff haru excellent cha tara bakwas cha,negative
brake condition lastai okay cha,neutral
PARTS REPLACEMENT PROBLEM THIYO TARA JABARDAST BHAYO,positive
"yo mechanic dai ma quick cha, dhokha pani cha",neutral
yo mechanic ko barema kaam adhuro,negative
vehicle performance fraud chaina,positive
ma complaint handling bata service bhayo,neutral
yo spare parts lastai thik cha,neutral
engine condition dherai sipalu lagyo,positive
car servicing use garda raamro feel bhayo,positive
phone response imandar bhaena,negative
YO SERVICING USE GARDA FRUSTRATED FEEL BHAYO,negative
maintenance service ko quality okay cha,neutral
parts replacement ko barema man paryo,positive
yo charge thagi cha tara sasto cha,positive
replacement parts ko barema engine check,neutral
yo bill ma highly recommend,positive
yo charge safa cha tara worst cha,negative
yo repair service ko barema value for money,positive
yo spare parts dherai thik lagyo,neutral
worker haru ekdam disappointed cha,negative
yo servicing ko barema value for money,positive
yo spare parts ma engine check,neutral
ma yo workshop bata thik garena,negative
"engine kaam mast pani cha, poor pani cha",neutral
ma yo charge bata hidden charge,negative
complaint handling pura kharab chaina,positive
service time quick thiena,negative
yo thau ko barema duplicate parts,negative
"yo mechanic dai satisfied pani cha, luteko pani cha",neutral
delivery time lastai thikai cha,neutral
brake condition sundar thiyo tara annoyed bhayo,negative
complaint handling lastai thikkai cha,neutral
repair time ruksha bhaena,positive
yo mechanic shop ma value for money,positive
service cost dukha cha tara dhanyabad cha,positive
support team use garda cheap feel bhayo,positive
ma battery service bata service bhayo,neutral
yo bill excellent thiyo tara frustrated bhayo,negative
complaint handling ekdam sifaris cha,positive
ENGINE KAAM JHANJHAT CHAINA,positive
yo servicing center sundar thiena,negative
battery service ma worst experience bhayo,negative
bike servicing ko quality thikkai cha,neutral
repair cost use garda reasonable feel bhayo,positive
yo garage prasanna thiena,negative
staff haru use garda rude feel bhayo,negative
"yo bill ma cheap cha, ruksha pani cha",neutral
customer service ma thikkai experience bhayo,neutral
Mero bike condition ekdam satisfied cha,positive
service cost excellent cha,positive
vehicle performance bhorosilo thiyo tara luteko bhayo,negative
yo mechanic dai lastai jabardast cha,positive
service time ko quality normal cha,neutral
malai phone response ok lagyo,neutral
waiting time ko barema ali thik,neutral
yo repair service ma dhanyabad experience bhayo,positive
payment system lastai bigreko cha,negative
vehicle performance ma thik experience bhayo,neutral
yo repair service pura babbal chaina,negative
yo servicing ekdam good cha,positive
replacement parts thikkai chha,neutral
ma yo mechanic dai bata thik bhayo,positive
"yo servicing ma imandar cha, waste pani cha",neutral
ma brake condition bata value for money,positive
malai engine condition normal lagyo,neutral
"overall experience safa pani cha, cheat pani cha",neutral
yo servicing center ko quality thik cha,neutral
"waiting time ma helpful cha, dhila pani cha",neutral
yo auto workshop ko quality jhur cha,negative
overall experience dherai okay lagyo,neutral
yo mechanic average cha,neutral
phone response lastai safa cha,positive
"SUPPORT TEAM NICE PANI CHA, DUPLICATE PANI CHA",neutral
ma brake system bata low quality,negative
customer service ko barema recommend gardina,negative
yo price man paryo,positive
yo servicing center galti cha tara jabardast cha,positive
parts replacement lastai quick cha,positive
overall experience ko barema man paryo,positive
Malai engine repair ruksha lagyo,negative
waiting time dherai babbal lagyo,positive
SERVICE TIME PURA EXPENSIVE CHAINA,positive
yo servicing fast thiena,negative
ma support team bata engine bigriyo,negative
customer service lastai bigreko cha,negative
vehicle performance lastai santusta cha,positive
YO MECHANIC DAI PAISA KHERA,negative
"brake system ma affordable cha, thagi pani cha",neutral
malai staff haru raamro lagyo,positive
engine condition majja bhaena,negative
yo spare parts normal cha,neutral
tyre condition hidden charge,negative
yo mechanic pura scam chaina,positive
"engine repair smooth pani cha, chor pani cha",neutral
SERVICE COST AVOID GARNU,negative
yo servicing center lastai samanya cha,neutral
Yo servicing professional bhaena,negative
battery service asal chaina,negative
vehicle performance ko barema ramro bhayena,negative
maintenance service gajjab chha tara bekar cha,negative
engine repair pura thag chaina,positive
bike servicing ignored cha,negative
delivery time lastai terrible cha,negative
support team ko quality useless cha,negative
phone response ko barema thik jasto,neutral
"yo thau ma awesome cha, dhila pani cha",neutral
brake system ko quality mast cha,positive
repair cost ma avoid garnu,negative
bill amount oil change,neutral
"repair cost recommend pani cha, useless pani cha",neutral
YO GARAGE MA NEVER AGAIN,negative
yo spare parts ko barema problem solve bhayo,positive
malai mero car condition thikai lagyo,neutral
engine kaam ko barema man parena,negative
mero car condition jhanjhat thiyo tara imandar bhayo,positive
brake condition overpriced cha tara majja cha,positive
ENGINE KAAM DUPLICATE CHAINA,positive
mero bike condition lastai prasanna cha,positive
ma staff haru bata ramro lagena,negative
yo charge ko barema kaam sakiyo,neutral
phone response bharpardo chha,positive
yo mechanic dai average cha,neutral
yo technician imandar cha,positive
ma yo repair service bata on time,positive
malai staff haru sahyog lagena,negative
malai yo mechanic luteko lagyo,negative
"car servicing sasto pani cha, rude pani cha",neutral
yo servicing center ekdam normal chha,neutral
"bill amount ma khusi cha, chor pani cha",neutral
yo auto workshop use garda waste feel bhayo,negative
malai billing system excellent lagyo,positive
waiting time professional cha,positive
car servicing ma recommend gardina,negative
malai worker haru naraamro lagena,positive
service cost ma just okay,neutral
maintenance service dherai thikai lagyo,neutral
ma bill amount bata chitta bujhena,negative
parts replacement thikai cha,neutral
bike servicing safa cha tara ignored cha,negative
ENGINE KAAM EKDAM FRAUD CHA,negative
engine repair dherai thik lagyo,neutral
yo charge dherai thik lagyo,neutral
brake condition man parena,negative
ma replacement parts bata ali thik,neutral
billing system ma reasonable experience bhayo,positive
service cost ko quality fake cha,negative
engine condition ko barema value for money,positive
worker haru lajawab cha tara poor cha,negative
yo place ko barema thikai cha,neutral
bike servicing dherai okay lagyo,neutral
mero car condition ko barema thik garena,negative
staff haru lastai normal cha,neutral
CUSTOMER SERVICE GALTI CHA TARA BEST CHA,positive
yo mechanic shop lastai thikkai cha,neutral
parts quality lastai sahyog cha,positive
repair cost on time,positive
parts quality use garda risaune feel bhayo,negative
mero car condition thik garena,negative
replacement parts ma thikkai experience bhayo,neutral
yo garage ekdam ramaro cha,positive
malai repair cost sahyog lagena,negative
"engine condition ma reliable cha, dukha pani cha",neutral
"mero experience quick pani cha, ignored pani cha",neutral
malai mero car condition overpriced lagena,positive
malai vehicle performance thikkai lagyo,neutral
maintenance service khusi cha tara bigreko cha,negative
support team ma just okay,neutral
bike servicing ko barema satisfied chaina,negative
yo place ko quality cheap cha,positive
Support team naramo cha,negative
yo price thik cha,neutral
parts quality jhanjhat chaina,positive
ma yo charge bata value for money,positive
yo auto workshop thag bhaena,positive
malai mero experience imandar lagyo,positive
delivery time bharpardo thiyo tara bakwas bhayo,negative
waiting time pura affordable chaina,negative
ma engine repair bata thikai cha,neutral
yo mechanic shop pura naraamro chaina,positive
ma yo mechanic bata just okay,neutral
yo bill use garda great feel bhayo,positive
staff haru ma paisa khera,negative
YO TECHNICIAN PURA AFFORDABLE CHAINA,negative
yo workshop sifaris cha,positive
ma support team bata thik bhayo,positive
ENGINE CONDITION OK CHA,neutral
payment system ramrari cha,positive
customer service delay bhaena,positive
bike servicing recommend bhaena,negative
parts quality ko barema original parts,positive
bike servicing majja thiena,negative
overall experience ma duplicate parts,negative
complaint handling dherai jhur lagyo,negative
repair time ma kaam bhayo,neutral
yo spare parts ma bhalo experience bhayo,positive
support team ko barema oil change,neutral
bill amount overpriced thiyo tara affordable bhayo,positive
malai brake system majja lagyo,positive
battery service dherai normal lagyo,neutral
malai yo repair service samanya lagyo,neutral
Car servicing use garda dami feel bhayo,positive
waiting time majja chaina,negative
yo mechanic lajawab bhaena,negative
yo place ko quality ok cha,neutral
malai yo garage thikkai lagyo,neutral
"yo auto workshop sahyog pani cha, naraamro pani cha",neutral
vehicle performance dherai thikai lagyo,neutral
staff haru ma lajawab experience bhayo,positive
parts quality oil change,neutral
malai yo servicing center normal lagyo,neutral
parts quality ekdam worsened chha,negative
Malai yo servicing scam lagena,positive
yo price ko barema just okay,neutral
yo place ekdam dhilo cha,negative
engine repair worsened cha tara fast cha,positive
yo price ko quality thik cha,neutral
billing system overpriced cha tara affordable cha,positive
battery service ekdam excellent cha,positive
ma car servicing bata problem solve bhayo,positive
malai repair cost hawa lagyo,negative
tyre condition lastai ramro cha,positive
malai waiting time great lagyo,positive
yo bill lastai useless cha,negative
Customer service use garda khera feel bhayo,negative
worker haru service bhayo,neutral
yo technician pura thag chaina,positive
Payment system overpriced cha tara smooth cha,positive
engine condition prasanna thiyo tara fraud bhayo,negative
yo mechanic shop ma ramro bhayena,negative
repair cost use garda chor feel bhayo,negative
customer service ekdam ramro cha,positive
service cost dherai ok lagyo,neutral
mero experience ma smooth experience bhayo,positive
yo charge ekdam ok cha,neutral
customer service ok cha,neutral
ma yo workshop bata worth it,positive
yo mechanic dai lastai thikkai cha,neutral
bike servicing ko barema thikai chha,neutral
ENGINE KAAM RECOMMEND GARDINA,negative
Engine condition cheap thiyo tara dukha bhayo,negative
payment system ma dhokha experience bhayo,negative
engine repair samanya cha,neutral
complaint handling pura hawa chaina,positive
ma mero experience bata use nagarnu,negative
payment system lastai thikkai cha,neutral
repair time careless thiyo tara excellent bhayo,positive
parts quality dherai ramro lagyo,positive
"YO PRICE LAJAWAB PANI CHA, DUKHA PANI CHA",neutral
ma yo technician bata top quality,positive
Yo mechanic ma worth it,positive
complaint handling ko barema so so,neutral
parts replacement thik cha,neutral
ma billing system bata kaam sakiyo,neutral
payment system ok cha,neutral
yo garage ramrari thiyo tara bekar bhayo,negative
bill amount lajawab thiena,negative
delivery time ekdam mahengo cha,negative
Payment system ma normal experience bhayo,neutral
PARTS QUALITY MA RUKSHA EXPERIENCE BHAYO,negative
"mero bike condition helpful pani cha, slow pani cha",neutral
parts quality pura bekar chaina,positive
tyre condition delay cha,negative
repair time bekar thiyo tara sahyog bhayo,positive
yo bill poor thiyo tara quick bhayo,positive
repair time service bhayo,neutral
engine repair ko barema highly recommend,positive
YO WORKSHOP MA THIK GARENA,negative
parts quality use garda bad feel bhayo,negative
"yo workshop excellent pani cha, ruksha pani cha",neutral
waiting time dherai thikai lagyo,neutral
malai phone response happy lagyo,positive
battery service kaam bhayo,neutral
yo servicing center ko barema duplicate parts,negative
car servicing excellent thiyo tara disappointed bhayo,negative
malai parts replacement ok lagyo,neutral
"yo mechanic dai excellent pani cha, luteko pani cha",neutral
"waiting time ma santusta cha, dhilo pani cha",neutral
Vehicle performance durable cha tara dhokha cha,negative
mero bike condition cheap chaina,negative
waiting time dherai khusi lagyo,positive
engine repair ghatiya thiena,positive
overall experience ma worth it,positive
yo spare parts ko barema kaam sakiyo,neutral
yo repair service ma bad experience bhayo,negative
waiting time pura sipalu chaina,negative
payment system awful chaina,positive
"yo place honest pani cha, samasya pani cha",neutral
phone response ma just okay,neutral
complaint handling ko quality dukha cha,negative
malai battery service ghatiya lagena,positive
Malai staff haru recommend lagyo,positive
tyre condition quality cha tara dhila cha,negative
tyre condition ma happy experience bhayo,positive
Yo mechanic shop ekdam thikkai cha,neutral
yo technician ko quality ok cha,neutral
service cost ekdam hawa cha,negative
malai yo technician thik lagyo,neutral
repair cost ekdam chor cha,negative
yo thau ma awesome experience bhayo,positive
parts replacement ekdam ramaro cha,positive
staff haru ekdam average cha,neutral
engine kaam dherai average lagyo,neutral
repair time ko barema ali thik,neutral
"yo workshop ma ramrari cha, risaune pani cha",neutral
vehicle performance ekdam sasto cha,positive
yo mechanic slow thiyo tara chitto bhayo,positive
"yo price dami pani cha, naraamro pani cha",neutral
ma billing system bata value for money,positive
mero bike condition ma chitta bujhyo,positive
yo technician use garda jhyau feel bhayo,negative
Repair time dherai affordable lagyo,positive
yo place ekdam thikkai cha,neutral
"yo repair service ma recommend cha, waste pani cha",neutral
delivery time dherai scam lagyo,negative
replacement parts bharpardo chaina,negative
yo garage ma raamro lagena,negative
"staff haru bhorosilo pani cha, mahengo pani cha",neutral
brake condition nikamma bhaena,positive
battery service sifaris thiena,negative
"MERO BIKE CONDITION MAJJA PANI CHA, DUKHA PANI CHA",neutral
repair cost best chaina,negative
"yo thau ma reliable cha, disappointed pani chha",neutral
yo thau ali thik,neutral
mero car condition dherai cheap lagyo,positive
yo mechanic dai santusta cha tara fake chha,negative
engine repair ekdam professional cha,positive
BIKE SERVICING ASAL THIYO TARA POOR BHAYO,negative
mero bike condition rubbish cha tara sundar cha,positive
yo price ekdam adhuro cha,negative
parts quality avoid garnu,negative
Malai worker haru jhutho lagena,positive
delivery time pura honest chaina,negative
malai yo workshop thikai lagyo,neutral
yo place faltu bhaena,positive
"repair cost genuine pani cha, bakbas pani cha",neutral
"yo mechanic shop ma sundar cha, fohor pani cha",neutral
yo servicing dherai affordable lagyo,positive
bike servicing ma thikkai experience bhayo,neutral
service time raamro cha,positive
bill amount thik cha,neutral
ma yo mechanic dai bata value for money,positive
staff haru ramaro cha tara worsened cha,negative
malai yo mechanic overpriced lagena,positive
car servicing lastai perfect cha,positive
ma mero bike condition bata smooth cha,positive
ma yo workshop bata kaam adhuro,negative
ma yo auto workshop bata value for money,positive
ma engine repair bata kaam bhayo,neutral
mero car condition dherai thik lagyo,neutral
engine repair lastai jhyau cha,negative
parts quality badhiya cha tara fraud cha,negative
complaint handling ko barema thik jasto,neutral
yo price ma sipalu experience bhayo,positive
support team khusi cha tara bakbas cha,negative
malai yo technician average lagyo,neutral
REPAIR TIME KO QUALITY KHUSI CHA,positive
repair time jhyau cha tara perfect cha,positive
malai yo auto workshop reliable lagena,negative
malai yo spare parts rubbish lagyo,negative
yo mechanic extra charge,negative
battery service careless cha tara recommend cha,positive
ma engine condition bata never again,negative
service time ekdam satisfied cha,positive
yo mechanic dai damage cha tara mitho cha,positive
engine repair pura jhanjhat chaina,positive
yo bill ramro bhayo,positive
ma repair time bata oil change,neutral
YO REPAIR SERVICE PERFECT CHA TARA BAKWAS CHA,negative
delivery time avoid garnu,negative
yo mechanic dai use garda angry feel bhayo,negative
waiting time ma ali thik,neutral
service time mitho thiyo tara naramo bhayo,negative
ma maintenance service bata man paryo,positive
malai engine kaam average lagyo,neutral
bike servicing lastai jhur cha,negative
Yo repair service lastai thikkai cha,neutral
service cost lajawab thiyo tara bekar bhayo,negative
vehicle performance ekdam affordable cha,positive
phone response ma man parena,negative
mero bike condition bigreko thiyo tara raamro bhayo,positive
phone response ko quality okay cha,neutral
yo servicing dherai risaune lagyo,negative
PARTS QUALITY MA ALI THIK,neutral
"phone response ma sahayogi cha, rubbish pani cha",neutral
"parts replacement ma professional cha, bakbas pani cha",neutral
PHONE RESPONSE USE GARDA IMANDAR FEEL BHAYO,positive
support team dherai safa lagyo,positive
malai mero experience dhilo lagena,positive
overall experience dherai normal lagyo,neutral
Complaint handling terrible thiyo tara dami bhayo,positive
malai brake system jhutho lagena,positive
worker haru use garda adhuro feel bhayo,negative
vehicle performance ma adhuro experience bhayo,negative
yo price frustrated cha tara bhorosa cha,positive
yo servicing center lastai sifaris chha,positive
service cost pura rude chaina,positive
parts replacement on time,positive
yo place pura nice chaina,negative
customer service pura happy chaina,negative
MALAI CAR SERVICING THIKAI LAGYO,neutral
Mero car condition ko quality thag cha,negative
yo mechanic lastai thikkai cha,neutral
yo mechanic dai pura sahayogi chaina,negative
vehicle performance ma kaam sakiyo,neutral
phone response ko quality thik cha,neutral
service cost gajjab chaina,negative
mero bike condition jhur thiena,positive
ma repair time bata so so,neutral
support team use garda normal feel bhayo,neutral
yo thau pathetic cha tara bharpardo cha,positive
brake system ko quality thik cha,neutral
engine condition ekdam jhur cha,negative
yo price ma ghatiya experience bhayo,negative
waiting time ko barema highly recommend,positive
"yo technician quality pani cha, bigriyo pani cha",neutral
Ma car servicing bata service bhayo,neutral
yo bill ko barema highly recommend,positive
complaint handling ko barema service bhayo,neutral
phone response honest thiena,negative
billing system dherai normal lagyo,neutral
yo price dherai normal lagyo,neutral
car servicing ko barema recommend gardina,negative
support team ekdam ok cha,neutral
staff haru dherai frustrated lagyo,negative
"parts replacement gajjab pani cha, waste pani cha",neutral
phone response majja bhaena,negative
yo technician ko barema chitta bujhyo,positive
Bill amount gajjab thiena,negative
tyre condition dherai useless lagyo,negative
malai mero car condition durable lagena,negative
yo bill use garda thikkai feel bhayo,neutral
ma billing system bata on time,positive
overall experience worst chaina,positive
Support team ko quality average cha,neutral
bill amount ko quality late cha,negative
complaint handling use garda satisfied feel bhayo,positive
vehicle performance pura overpriced chaina,positive
Vehicle performance ko quality samanya cha,neutral
waiting time ekdam thikkai cha,neutral
YO SERVICING EXCELLENT CHA,positive
malai yo charge normal lagyo,neutral
ma customer service bata top quality,positive
yo mechanic pura ignored chaina,positive
overall experience use garda happy feel bhayo,positive
ma yo garage bata same issue,negative
bike servicing ma chitta bujhena,negative
"yo thau ma professional cha, ignored pani cha",neutral
yo bill babbal chaina,negative
parts quality ma dhanyabad experience bhayo,positive
Malai billing system durable lagena,negative
complaint handling ma naraamro experience bhayo,negative
"bike servicing ma asal cha, rude pani cha",neutral
"BRAKE SYSTEM HONEST PANI CHA, DHOKHA PANI CHA",neutral
car servicing lajawab bhaena,negative
malai overall experience dami lagyo,positive
malai car servicing okay lagyo,neutral
MALAI YO SERVICING OVERPRICED LAGYO,negative
Staff haru unprofessional cha tara prasanna cha,positive
DELIVERY TIME MA CHITTA BUJHYO,positive
parts replacement ko quality professional cha,positive
malai support team quality lagyo,positive
yo servicing center expensive cha tara quality cha,positive
staff haru smooth thiyo tara raddi bhayo,negative
engine repair babbal thiyo tara naramo bhayo,negative
support team ko quality thikkai cha,neutral
worker haru pura problem chaina,positive
engine condition terrible thiyo tara mitho bhayo,positive
yo spare parts ko quality majja cha,positive
yo mechanic shop ko quality samanya cha,neutral
malai yo servicing center affordable lagena,negative
mero car condition pura unprofessional chaina,positive
complaint handling ma avoid garnu,negative
repair cost thik cha,neutral
delivery time lajawab bhaena,negative
ma yo spare parts bata ramro bhayena,negative
yo mechanic dai lastai khusi cha,positive
yo mechanic dai ramro lagyo,positive
Ma engine kaam bata so so,neutral
"yo thau dami pani cha, expensive pani cha",neutral
ma yo mechanic shop bata ramro lagyo,positive
parts replacement ko barema not recommended,negative
Customer service thikai cha,neutral
engine kaam ko quality perfect cha,positive
bike servicing sahayogi cha tara slow cha,negative
engine repair ko barema thikkai cha,neutral
engine kaam kaam bhayo,neutral
YO SPARE PARTS REASONABLE CHA TARA JHYAU CHA,negative
"brake system ma best cha, rubbish pani cha",neutral
brake condition ekdam thikkai cha,neutral
brake condition pathetic cha tara sifaris cha,positive
complaint handling ma ramro bhayo,positive
yo price ma on time,positive
brake system dherai nice lagyo,positive
ma yo bill bata ramro bhayo,positive
staff haru badhiya bhaena,negative
yo mechanic shop ko barema hidden charge,negative
yo place dherai scam lagyo,negative
car servicing bekar cha,negative
"yo thau dhanyabad pani cha, frustrated pani cha",neutral
yo repair service ma thikkai experience bhayo,neutral
malai yo charge duplicate lagyo,negative
Maintenance service ekdam thik cha,neutral
yo servicing center pura satisfied chaina,negative
yo thau highly recommend,positive
mero car condition ma thikkai experience bhayo,neutral
yo place use garda average feel bhayo,neutral
waiting time ekdam thag cha,negative
worker haru ma bigriyo experience bhayo,negative
yo bill pura best chaina,negative
"yo bill ma sifaris cha, adhuro pani cha",neutral
vehicle performance ok cha,neutral
vehicle performance avoid garnu,negative
"yo spare parts prasanna pani cha, ruksha pani cha",neutral
delivery time jhanjhat cha tara safa cha,positive
YO PRICE SAHI THIYO TARA DHOKHA BHAYO,negative
yo workshop mitho thiena,negative
malai replacement parts majja lagena,negative
malai tyre condition bakwas lagena,positive
malai yo charge happy lagena,negative
phone response genuine thiyo tara overpriced bhayo,negative
"bike servicing raamro pani cha, luteko pani cha",neutral
yo mechanic dai hawa thiyo tara perfect bhayo,positive
bill amount ko barema oil change,neutral
delivery time prasanna chaina,negative
yo repair service ekdam normal cha,neutral
engine repair lastai samanya cha,neutral
yo mechanic dai thik chha,neutral
yo mechanic dai worst cha tara raamro cha,positive
mero car condition low quality,negative
mero car condition ekdam thikai chha,neutral
MALAI PARTS REPLACEMENT MITHO LAGENA,negative
repair time raddi thiyo tara mast bhayo,positive
"yo repair service sahi pani cha, hawa pani cha",neutral
yo price pathetic chaina,positive
car servicing quality cha,positive
brake condition ma sahyog experience bhayo,positive
ma tyre condition bata no response,negative
mero experience ko barema just okay,neutral
yo thau dherai okay lagyo,neutral
service time extra charge,negative
tyre condition use garda thikkai feel bhayo,neutral
maintenance service pura jabardast chaina,negative
support team ramaro thiena,negative
BRAKE SYSTEM GENUINE BHAENA,negative
MAINTENANCE SERVICE MA EXCELLENT EXPERIENCE BHAYO,positive
mero car condition ekdam waste cha,negative
YO REPAIR SERVICE PURA KHERA CHAINA,positive
mero car condition gajjab cha tara dhokha cha,negative
malai yo mechanic shop poor lagena,positive
staff haru perfect bhaena,negative
phone response ko quality slow cha,negative
billing system ko quality thagi cha,negative
yo thau ko barema waste of money,negative
parts replacement sipalu bhaena,negative
yo mechanic ekdam quality cha,positive
"replacement parts recommend pani cha, dukha pani cha",neutral
delivery time lastai thag cha,negative
yo spare parts kharab cha tara sahayogi cha,positive
"yo mechanic ma honest cha, awful pani cha",neutral
malai yo repair service dhanyabad lagyo,positive
yo place bakwas thiyo tara sahi bhayo,positive
parts replacement reliable bhaena,negative
SERVICE TIME LASTAI AVERAGE CHA,neutral
malai service cost affordable lagyo,positive
yo workshop samasya cha,negative
yo workshop lastai khera cha,negative
service cost just okay,neutral
yo place sundar thiena,negative
"mero car condition ramrari pani cha, careless pani chha",neutral
YO WORKSHOP MA SASTO EXPERIENCE BHAYO,positive
Yo servicing center ekdam samanya cha,neutral
malai yo technician sifaris lagyo,positive
service time ko barema value for money,positive
service cost thikai cha,neutral
waiting time ekdam bakbas cha,negative
phone response phutyo chha,negative
yo mechanic ko quality average cha,neutral
yo garage ko quality perfect cha,positive
yo auto workshop use garda thikkai feel bhayo,neutral
"worker haru ma sifaris cha, risaune pani chha",neutral
YO WORKSHOP EKDAM NORMAL CHA,neutral
ma complaint handling bata recommend gardina,negative
payment system overpriced chha,negative
yo spare parts sundar thiena,negative
YO MECHANIC PURA DURABLE CHAINA,negative
bike servicing ko barema never again,negative
overall experience ekdam worsened cha,negative
overall experience ekdam ramaro cha,positive
YO GARAGE KO BAREMA RECOMMEND GARDINA,negative
"replacement parts perfect pani cha, poor pani cha",neutral
ma support team bata fake parts,negative
malai parts replacement babbal lagena,negative
YO TECHNICIAN MA SASTO EXPERIENCE BHAYO,positive
engine condition use garda okay feel bhayo,neutral
yo workshop ma cheap experience bhayo,positive
yo thau ramaro thiyo tara unprofessional bhayo,negative
support team dherai normal lagyo,neutral
bike servicing never again,negative
engine kaam ekdam happy cha,positive
BIKE SERVICING DAMI CHA TARA FRUSTRATED CHA,negative
PAYMENT SYSTEM DHERAI BEST LAGYO,positive
engine condition ma fraud experience bhayo,negative
car servicing santusta bhaena,negative
YO MECHANIC DAI JUST OKAY,neutral
service time use garda thikai feel bhayo,neutral
billing system so so,neutral
yo charge ma oil change,neutral
"yo bill ma sipalu cha, damage pani cha",neutral
brake condition lastai ok cha,neutral
yo garage ko quality disappointed cha,negative
service time ma just okay,neutral
staff haru ma thik bhayo,positive
yo garage use garda thik feel bhayo,neutral
yo price lastai perfect cha,positive
ma bike servicing bata kaam sakiyo,neutral
payment system ma smooth cha,positive
complaint handling dherai ok lagyo,neutral
malai parts quality thikkai lagyo,neutral
brake system ko barema highly recommend,positive
phone response ko barema just okay,neutral
"maintenance service ma majja cha, galti pani chha",neutral
Malai brake condition ramro lagyo,positive
STAFF HARU USELESS CHA,negative
waiting time dherai ramro lagyo,positive
mero car condition pura excellent chaina,negative
yo garage okay cha,neutral
parts replacement ko barema oil change,neutral
ma overall experience bata thik bhayo,positive
"yo garage ramrari pani cha, hawa pani cha",neutral
malai yo mechanic ramro lagyo,positive
staff haru ko quality thikai cha,neutral
"bill amount ma prasanna cha, ruksha pani cha",neutral
yo mechanic dai ko barema kaam sakiyo,neutral
Support team ma extra charge,negative
"service time affordable pani cha, dukha pani cha",neutral
service time ekdam thikai cha,neutral
"yo technician ma khusi cha, nikamma pani cha",neutral
waiting time raamro cha tara rubbish cha,negative
yo bill rude thiyo tara badhiya bhayo,positive
Engine condition ma kharab experience bhayo,negative
yo bill ma friendly experience bhayo,positive
ma maintenance service bata thikai cha,neutral
Engine condition fohor thiyo tara cheap bhayo,positive
engine kaam dherai terrible lagyo,negative
ma complaint handling bata kaam sakiyo,neutral
overall experience dherai thikai lagyo,neutral
car servicing kaam sakiyo,neutral
yo garage ko quality bekar cha,negative
"brake condition ma badhiya cha, disappointed pani cha",neutral
malai worker haru fohor lagena,positive
replacement parts annoyed thiyo tara bhorosilo bhayo,positive
support team sahyog chaina,negative
yo technician babbal thiena,negative
Engine repair value for money,positive
malai waiting time thagi lagyo,negative
YO CHARGE KO QUALITY ADHURO CHA,negative
"mero experience ma ramrari cha, faltu pani chha",neutral
malai engine repair friendly lagena,negative
"mero experience ma good cha, terrible pani cha",neutral
vehicle performance ko quality awful cha,negative
malai staff haru majja lagyo,positive
overall experience ko barema damage bhayo,negative
mero experience dherai thikkai lagyo,neutral
"engine kaam reliable pani cha, adhuro pani cha",neutral
MALAI YO MECHANIC DAI DISAPPOINTED LAGENA,positive
yo bill lastai ok cha,neutral
maintenance service man parena,negative
mero experience samanya cha,neutral
mero experience ko barema worth it,positive
staff haru worth it,positive
yo servicing dherai safa lagyo,positive
complaint handling ma sifaris experience bhayo,positive
delivery time thag cha tara bharpardo cha,positive
"yo thau ma babbal cha, galti pani cha",neutral
malai yo charge luteko lagena,positive
yo thau dherai ok lagyo,neutral
yo charge ko quality average cha,neutral
staff haru use garda okay feel bhayo,neutral
customer service ko quality average cha,neutral
replacement parts ma chitta bujhena,negative
Service time phutyo chaina,positive
mero car condition lastai pathetic chha,negative
"mero car condition bharpardo pani cha, ruksha pani cha",neutral
yo auto workshop delay cha,negative
overall experience risaune cha tara best cha,positive
yo repair service ko quality dhanyabad cha,positive
yo spare parts ma top quality,positive
Battery service waste cha,negative
repair time kaam sakiyo,neutral
YO REPAIR SERVICE PURA SAHAYOGI CHAINA,negative
yo bill lastai normal cha,neutral
"bill amount best pani cha, frustrated pani cha",neutral
engine condition ma useless experience bhayo,negative
yo servicing center ko quality ghatiya chha,negative
yo garage honest thiena,negative
overall experience thikai cha,neutral
ma tyre condition bata thik bhayo,positive
"Waiting time ma santusta cha, dukha pani cha",neutral
YO PRICE KO BAREMA THIK BHAYO,positive
delivery time ma thikai cha,neutral
malai parts quality normal lagyo,neutral
service cost ko quality thikai cha,neutral
brake condition ko barema fake parts,negative
parts replacement reliable cha tara pathetic cha,negative
ma waiting time bata kaam bhayo,neutral
yo bill use garda ok feel bhayo,neutral
BILLING SYSTEM DHILO CHHA TARA RAMRO CHA,positive
waiting time lastai kharab chha,negative
customer service smooth cha,positive
billing system ma so so,neutral
repair time ko quality friendly cha,positive
battery service sundar thiyo tara raddi bhayo,negative
maintenance service ko quality helpful cha,positive
repair cost dherai samanya lagyo,neutral
service time chitto thiena,negative
maintenance service thikai cha,neutral
complaint handling duplicate parts,negative
repair time ma thik experience bhayo,neutral
phone response ekdam thikkai cha,neutral
parts quality dherai luteko lagyo,negative
Yo bill lastai reliable cha,positive
billing system thikai cha,neutral
ma support team bata thikai cha,neutral
support team use garda bhalo feel bhayo,positive
malai parts quality genuine lagena,negative
Customer service ko barema use nagarnu,negative
yo mechanic shop khera thiyo tara great bhayo,positive
ma engine kaam bata ali thik,neutral
malai mero bike condition jhutho lagena,positive
PARTS QUALITY MAHENGO THIYO TARA PROFESSIONAL BHAYO,positive
customer service naraamro cha tara badhiya cha,positive
malai brake condition normal lagyo,neutral
STAFF HARU KO BAREMA USED PARTS,negative
payment system expensive thiyo tara good bhayo,positive
SERVICE TIME RECOMMEND GARDINA,negative
ENGINE REPAIR KO QUALITY DURABLE CHA,positive
yo bill ma thikai experience bhayo,neutral
parts quality pura thag chaina,positive
parts replacement lastai fohor cha,negative
delivery time ko barema ramro bhayena,negative
engine kaam ma bad experience bhayo,negative
Support team ko quality ramrari cha,positive
engine kaam use garda affordable feel bhayo,positive
engine repair sipalu chaina,negative
mero bike condition pura sipalu chaina,negative
customer service ma badhiya experience bhayo,positive
billing system use garda nice feel bhayo,positive
REPAIR TIME EKDAM SIPALU CHA,positive
yo spare parts ekdam dhokha cha,negative
yo bill ma ok experience bhayo,neutral
car servicing dherai thik lagyo,neutral
yo price luteko thiyo tara ramro bhayo,positive
yo auto workshop ma value for money,positive
yo price okay cha,neutral
ma engine repair bata chitta bujhyo,positive
MA YO PLACE BATA KAAM SAKIYO,neutral
"yo place ma sahi cha, raddi pani cha",neutral
"yo bill dami pani cha, bakwas pani cha",neutral
yo mechanic ekdam thikkai cha,neutral
yo garage ma ruksha experience bhayo,negative
"car servicing ma safa cha, scam pani chha",neutral
yo mechanic dherai normal lagyo,neutral
customer service good cha tara rubbish cha,negative
malai yo place thikkai lagyo,neutral
yo thau duplicate thiyo tara mast bhayo,positive
phone response angry cha tara jabardast cha,positive
vehicle performance reasonable bhaena,negative
malai yo spare parts jabardast lagena,negative
"bike servicing awesome pani cha, fake pani cha",neutral
MERO BIKE CONDITION USE GARDA DHANYABAD FEEL BHAYO,positive
payment system ekdam recommend cha,positive
billing system ma chitta bujhena,negative
yo spare parts ekdam sasto chha,positive
yo garage ramro lagyo,positive
malai yo charge bakbas lagyo,negative
malai bike servicing thikkai lagyo,neutral
billing system unprofessional bhaena,positive
delivery time slow cha tara sundar cha,positive
"yo repair service ma khusi cha, jhyau pani cha",neutral
mero bike condition ma samanya experience bhayo,neutral
brake condition ma durable experience bhayo,positive
delivery time gajjab thiyo tara dhokha bhayo,negative
Customer service ko barema kaam bhayo,neutral
waiting time sifaris chaina,negative
yo mechanic faltu cha,negative
"brake system satisfied pani cha, adhuro pani cha",neutral
yo servicing ko quality sifaris chha,positive
yo mechanic satisfied chaina,negative
malai battery service smooth lagyo,positive
car servicing chitta bujhyo,positive
waiting time dherai genuine lagyo,positive
parts replacement ma service bhayo,neutral
service time thikai chha,neutral
mero car condition lajawab bhaena,negative
billing system use garda ok feel bhayo,neutral
"Yo servicing quick pani cha, adhuro pani cha",neutral
customer service use garda phutyo feel bhayo,negative
ma overall experience bata thik jasto,neutral
support team ma okay experience bhayo,neutral
yo price ma majja experience bhayo,positive
payment system dherai normal lagyo,neutral
ENGINE KAAM CHEAP CHA,positive
customer service best cha tara scam cha,negative
malai yo mechanic shop ok lagyo,neutral
tyre condition dherai great lagyo,positive
mero car condition ekdam raamro cha,positive
engine repair ko barema used parts,negative
MA SUPPORT TEAM BATA KAAM SAKIYO,neutral
yo charge late chha,negative
yo servicing center worth it,positive
overall experience durable chaina,negative
yo mechanic dai pura bharpardo chaina,negative
engine repair ma bhalo experience bhayo,positive
tyre condition thagi thiena,positive
mero bike condition thik cha,neutral
yo charge average cha,neutral
ma engine condition bata kaam adhuro,negative
malai yo auto workshop useless lagyo,negative
"yo technician ma safa cha, fake pani cha",neutral
mero car condition use garda samanya feel bhayo,neutral
yo mechanic shop mahengo cha,negative
yo garage ko barema waste of money,negative
yo workshop lastai jabardast cha,positive
yo thau use garda dami feel bhayo,positive
overall experience ekdam bhorosa cha,positive
brake system dherai affordable lagyo,positive
malai yo place best lagyo,positive
service time ko barema engine check,neutral
mero bike condition mast cha,positive
Maintenance service lastai imandar cha,positive
yo spare parts ma thikkai experience bhayo,neutral
waiting time imandar cha tara hawa cha,negative
yo mechanic lastai frustrated cha,negative
yo mechanic ma sahi experience bhayo,positive
staff haru waste of money,negative
yo garage gajjab bhaena,negative
car servicing dhila cha tara quick cha,positive
PHONE RESPONSE RAMRARI CHA TARA THAGI CHA,negative
mero experience use garda ok feel bhayo,neutral
yo mechanic dherai fast lagyo,positive
malai vehicle performance dhokha lagena,positive
malai billing system samasya lagena,positive
yo spare parts ma frustrated experience bhayo,negative
tyre condition bharpardo cha,positive
brake condition average cha,neutral
service cost lastai professional cha,positive
yo repair service lastai faltu cha,negative
mero car condition ko barema engine check,neutral
yo price lastai duplicate cha,negative
staff haru lastai ramro chha,positive
Brake condition use garda prasanna feel bhayo,positive
engine kaam use garda fake feel bhayo,negative
staff haru ko quality average cha,neutral
engine condition dukha thiena,positive
brake system pura nikamma chaina,positive
YO PRICE LASTAI WORST CHA,negative
malai yo spare parts khera lagena,positive
staff haru badhiya thiyo tara jhutho bhayo,negative
mero car condition use garda careless feel bhayo,negative
Malai battery service average lagyo,neutral
malai overall experience thik lagyo,neutral
SUPPORT TEAM PHUTYO THIENA,positive
billing system ko barema extra charge,negative
ma yo mechanic dai bata recommend gardina,negative
waiting time reliable chaina,negative
TYRE CONDITION SLOW CHAINA,positive
yo mechanic dai ekdam bhorosilo cha,positive
service cost engine check,neutral
yo place khera cha tara bhorosa chha,positive
support team use garda careless feel bhayo,negative
BILL AMOUNT KO BAREMA KAAM BHAYO,neutral
"phone response ma cheap cha, scam pani cha",neutral
engine repair ma original parts,positive
engine condition ko barema ramro bhayena,negative
"REPLACEMENT PARTS SANTUSTA PANI CHA, ANNOYED PANI CHA",neutral
complaint handling ma no response,negative
payment system fohor cha,negative
yo garage engine check,neutral
service cost mitho thiena,negative
malai tyre condition awesome lagyo,positive
complaint handling ko barema fake parts,negative
yo place ekdam okay cha,neutral
CAR SERVICING MAHENGO THIENA,positive
REPLACEMENT PARTS DHERAI OK LAGYO,neutral
malai payment system samanya lagyo,neutral
"engine kaam prasanna pani cha, phutyo pani chha",neutral
maintenance service lastai samanya cha,neutral
vehicle performance dherai thikkai lagyo,neutral
yo mechanic dai ko quality average chha,neutral
malai yo repair service bhalo lagena,negative
overall experience ko quality sifaris cha,positive
car servicing ma damage bhayo,negative
yo place thik cha,neutral
malai mero experience sahi lagena,negative
brake condition bhalo thiyo tara terrible bhayo,negative
Battery service ma samanya experience bhayo,neutral
yo technician pura asal chaina,negative
malai vehicle performance bakbas lagyo,negative
yo technician ko barema service bhayo,neutral
malai yo technician happy lagena,negative
customer service ko barema smooth cha,positive
yo servicing center bhalo chaina,negative
engine repair dherai normal lagyo,neutral
bill amount ma just okay,neutral
PHONE RESPONSE PURA SAHYOG CHAINA,negative
engine kaam ma careless experience bhayo,negative
parts replacement ma professional experience bhayo,positive
mero car condition ma thikai experience bhayo,neutral
service cost man parena,negative
malai yo mechanic nice lagena,negative
parts replacement ma thikai cha,neutral
yo mechanic lastai bhalo cha,positive
engine condition worsened cha tara sahi cha,positive
worker haru jhanjhat bhaena,positive
Ma delivery time bata ali thik,neutral
YO BILL KO BAREMA ORIGINAL PARTS,positive
"repair time ma prasanna cha, luteko pani cha",neutral
yo spare parts friendly chaina,negative
MERO CAR CONDITION DHERAI REASONABLE LAGYO,positive
Waiting time dherai cheat lagyo,negative
YO MECHANIC DAI KO BAREMA NOT RECOMMENDED,negative
service cost ko quality dami cha,positive
Yo technician quick bhaena,negative
yo servicing center ma chitta bujhena,negative
tyre condition santusta thiyo tara faltu bhayo,negative
yo thau ko barema on time,positive
"waiting time happy pani cha, bakbas pani cha",neutral
repair cost use garda raamro feel bhayo,positive
replacement parts pura friendly chaina,negative
yo servicing center service bhayo,neutral
brake condition lastai careless cha,negative
malai engine repair samanya lagyo,neutral
malai yo spare parts badhiya lagyo,positive
mero car condition sundar thiena,negative
yo mechanic not recommended,negative
yo spare parts ekdam okay cha,neutral
delivery time ramaro thiena,negative
support team reliable cha,positive
bill amount ma oil change,neutral
mero car condition lastai thikai cha,neutral
yo place ma highly recommend,positive
repair time use garda great feel bhayo,positive
yo mechanic dai ma thikai cha,neutral
mero car condition use garda worst feel bhayo,negative
yo servicing luteko chaina,positive
"yo servicing center majja pani cha, dhokha pani cha",neutral
customer service satisfied thiyo tara fohor bhayo,negative
staff haru ko barema use nagarnu,negative
"yo bill ma reasonable cha, naraamro pani cha",neutral
"SERVICE TIME AWESOME PANI CHA, JHUR PANI CHA",neutral
battery service ko quality normal cha,neutral
support team lastai faltu cha,negative
yo garage ekdam perfect cha,positive
support team pura fohor chaina,positive
ma mero car condition bata no response,negative
waiting time ko quality normal cha,neutral
yo servicing center use garda normal feel bhayo,neutral
complaint handling ko barema just okay,neutral
mero experience ko quality thikai cha,neutral
complaint handling fraud thiyo tara chitto bhayo,positive
yo technician ekdam thagi cha,negative
worker haru ma kaam bhayo,neutral
maintenance service ma satisfied chaina,negative
yo garage ramrari bhaena,negative
Battery service use garda average feel bhayo,neutral
malai service cost fast lagyo,positive
yo technician ko barema oil change,neutral
battery service gajjab thiyo tara risaune bhayo,negative
repair cost sifaris cha tara thagi cha,negative
REPAIR TIME KO BAREMA THIK BHAYO,positive
ma service cost bata man paryo,positive
worker haru ko quality terrible cha,negative
malai customer service delay lagena,positive
BRAKE CONDITION EKDAM JHYAU CHA,negative
malai yo mechanic dai duplicate lagena,positive
ma yo mechanic bata so so,neutral
yo spare parts dukha cha tara khusi cha,positive
yo thau dherai normal lagyo,neutral
"repair cost ma chitto cha, unprofessional pani cha",neutral
engine repair ekdam poor cha,negative
waiting time top quality,positive
yo servicing center dherai cheap lagyo,positive
"overall experience ma reasonable cha, fake pani cha",neutral
yo servicing center annoyed cha tara ramaro cha,positive
"Yo charge excellent pani cha, rubbish pani cha",neutral
COMPLAINT HANDLING EKDAM THIKKAI CHA,neutral
yo technician ma okay experience bhayo,neutral
repair cost pathetic cha,negative
yo place problem bhaena,positive
yo price dherai sasto lagyo,positive
maintenance service ma normal experience bhayo,neutral
malai yo price thik lagyo,neutral
"yo mechanic prasanna pani cha, naraamro pani cha",neutral
yo technician dherai happy lagyo,positive
"yo workshop bhorosilo pani cha, naramro pani cha",neutral
tyre condition use garda normal feel bhayo,neutral
yo bill ekdam reliable cha,positive
"service time imandar pani cha, late pani cha",neutral
Repair cost lastai honest cha,positive
yo garage perfect thiyo tara dhokha bhayo,negative
brake system value for money,positive
"yo mechanic shop ma quality cha, naramo pani cha",neutral
payment system ma overpriced experience bhayo,negative
tyre condition use garda bekar feel bhayo,negative
phone response disappointed chaina,positive
"engine kaam ma mast cha, hawa pani chha",neutral
maintenance service ok chha,neutral
service cost ma kaam sakiyo,neutral
malai yo spare parts mitho lagena,negative
bike servicing ma oil change,neutral
yo repair service pura na ramro chaina,positive
Staff haru ma ramrari experience bhayo,positive
service cost galti thiena,positive
"Yo garage lajawab pani cha, bakbas pani cha",neutral
repair time ko quality nikamma cha,negative
vehicle performance terrible thiena,positive
delivery time ma ramro lagena,negative
ma engine repair bata man paryo,positive
service time same issue,negative
repair cost pura na ramro chaina,positive
yo place ko barema ali thik,neutral
yo garage nikamma chaina,positive
maintenance service service bhayo,neutral
"yo garage ma dhanyabad cha, jhutho pani cha",neutral
overall experience sahayogi cha tara dhokha cha,negative
yo price lastai thagi cha,negative
yo servicing ma dukha experience bhayo,negative
tyre condition dukha bhaena,positive
yo bill normal cha,neutral
malai mero car condition fohor lagyo,negative
malai yo auto workshop duplicate lagena,positive
yo spare parts lastai samanya cha,neutral
yo repair service ko barema extra charge,negative
brake condition good bhaena,negative
car servicing ma not recommended,negative
parts replacement kaam sakiyo,neutral
customer service bad bhaena,positive
PARTS REPLACEMENT MA PAISA KHERA,negative
delivery time ma engine check,neutral
mero experience value for money,positive
service cost ko barema kaam sakiyo,neutral
"bike servicing ma bhorosa cha, raddi pani cha",neutral
ma support team bata thik jasto,neutral
"bill amount ma quality cha, worsened pani cha",neutral
malai tyre condition normal lagyo,neutral
ma payment system bata hidden charge,negative
yo repair service ekdam sasto cha,positive
payment system kaam sakiyo,neutral
yo mechanic dai ma so so,neutral
bill amount ma thik bhayo,positive
support team ko quality samanya cha,neutral
payment system ma ok experience bhayo,neutral
yo garage ma just okay,neutral
mero car condition ko quality quality chha,positive
yo place use garda sipalu feel bhayo,positive
malai repair time durable lagena,negative
MALAI YO AUTO WORKSHOP MAHANGO LAGYO,negative
yo repair service ko barema chitta bujhena,negative
yo place ma just okay,neutral
Yo thau dherai thikai lagyo,neutral
ma yo mechanic dai bata just okay,neutral
delivery time mahengo cha,negative
ma bill amount bata engine bigriyo,negative
"yo auto workshop ma khusi cha, ruksha pani cha",neutral
support team use garda dukha feel bhayo,negative
SERVICE COST EKDAM THIKAI CHHA,neutral
mero bike condition raddi thiena,positive
mero car condition ma naraamro experience bhayo,negative
parts replacement ma engine check,neutral
phone response ma thikai cha,neutral
battery service dherai thik lagyo,neutral
MALAI BILLING SYSTEM ANNOYED LAGYO,negative
overall experience badhiya thiyo tara dukha bhayo,negative
yo workshop ko quality samanya cha,neutral
MALAI SUPPORT TEAM DHILA LAGYO,negative
payment system ma ramro bhayo,positive
Ma parts replacement bata top quality,positive
yo mechanic lastai quick cha,positive
vehicle performance ekdam average cha,neutral
"BIKE SERVICING MA LAJAWAB CHA, SLOW PANI CHA",neutral
"YO THAU MA IMANDAR CHA, WASTE PANI CHA",neutral
"BRAKE SYSTEM IMANDAR PANI CHA, WORST PANI CHA",neutral
yo charge ma smooth chha,positive
replacement parts dherai careless lagyo,negative
brake condition problem thiena,positive
parts quality chitto thiyo tara risaune bhayo,negative
"yo auto workshop ma excellent cha, phutyo pani cha",neutral
ENGINE CONDITION FALTU CHA,negative
Support team ko barema ramro bhayo,positive
overall experience dhila thiyo tara mitho bhayo,positive
yo charge sahayogi cha,positive
parts quality ekdam thikkai cha,neutral
yo price dherai honest lagyo,positive
customer service thik cha,neutral
ma overall experience bata original parts,positive
support team ma ok experience bhayo,neutral
overall experience ekdam cheap cha,positive
support team pura terrible chaina,positive
bike servicing value for money,positive
staff haru ekdam bhorosa cha,positive
yo mechanic shop dherai prasanna lagyo,positive
billing system ko quality average cha,neutral
"parts replacement ma excellent cha, worsened pani cha",neutral
brake system ko barema just okay,neutral
payment system thik jasto,neutral
yo thau galti cha,negative
yo place pura samasya chaina,positive
yo technician mast thiyo tara terrible bhayo,negative
ma worker haru bata problem solve bhayo,positive
customer service asal chaina,negative
battery service okay cha,neutral
YO MECHANIC LASTAI ASAL CHA,positive
ma billing system bata purano parts,negative
"yo mechanic shop ma bhorosa cha, disappointed pani cha",neutral
YO AUTO WORKSHOP LASTAI QUALITY CHA,positive
waiting time thik cha,neutral
yo garage phutyo cha tara helpful cha,positive
Bill amount use garda sahayogi feel bhayo,positive
MERO CAR CONDITION MA CHITTA BUJHYO,positive
yo garage hawa thiena,positive
mero bike condition ma service bhayo,neutral
"yo garage ma best cha, kharab pani cha",neutral
"VEHICLE PERFORMANCE PERFECT PANI CHA, FOHOR PANI CHA",neutral
battery service lastai samanya cha,neutral
malai bill amount raddi lagena,positive
yo mechanic dherai sahi lagyo,positive
mero car condition pura quick chaina,negative
Bike servicing ramro bhayo,positive
REPLACEMENT PARTS MAHANGO CHA TARA RECOMMEND CHA,positive
SUPPORT TEAM USE GARDA GALTI FEEL BHAYO,negative
payment system ko quality angry cha,negative
yo mechanic dai poor cha tara quality cha,positive
tyre condition dherai perfect lagyo,positive
worker haru low quality,negative
vehicle performance used parts,negative
ma yo charge bata engine bigriyo,negative
yo mechanic pura slow chaina,positive
malai service time badhiya lagena,negative
parts quality ko barema ramro bhayo,positive
phone response sasto chha tara poor cha,negative
overall experience ma thik jasto,neutral
billing system ekdam nikamma cha,negative
yo bill use garda normal feel bhayo,neutral
yo mechanic dai kaam bhayo,neutral
yo servicing center dherai okay lagyo,neutral
PARTS REPLACEMENT MA FERI AAUCHU,positive
malai parts quality fast lagyo,positive
repair time ma naraamro experience bhayo,negative
YO BILL DHERAI MAJJA LAGYO,positive
yo place use garda khusi feel bhayo,positive
overall experience ko barema thik garena,negative
bill amount dherai samanya lagyo,neutral
ma yo price bata avoid garnu,negative
yo servicing normal chha,neutral
Yo mechanic shop ekdam sundar cha,positive
yo workshop overpriced chha tara cheap cha,positive
BRAKE CONDITION DHERAI REASONABLE LAGYO,positive
staff haru bekar chaina,positive
customer service lastai honest cha,positive
delivery time ekdam thikkai cha,neutral
yo place ko quality santusta cha,positive
yo servicing lastai hawa cha,negative
engine repair sahyog chaina,negative
"bill amount ma safa cha, thagi pani cha",neutral
service time dherai ruksha lagyo,negative
battery service ekdam dhanyabad chha,positive
malai vehicle performance bakwas lagyo,negative
service cost smooth cha,positive
waiting time happy cha tara awful cha,negative
engine kaam never again,negative
malai replacement parts thik lagyo,neutral
YO TECHNICIAN FRIENDLY THIENA,negative
"REPAIR TIME RAMARO PANI CHA, DISAPPOINTED PANI CHA",neutral
yo auto workshop lastai asal cha,positive
yo price use garda normal feel bhayo,neutral
overall experience ekdam samanya chha,neutral
STAFF HARU KO QUALITY ANGRY CHA,negative
repair cost kharab cha,negative
overall experience ko barema on time,positive
"yo thau best pani cha, hawa pani cha",neutral
Malai yo auto workshop ok lagyo,neutral
support team ma on time,positive
worker haru dhanyabad cha,positive
mero experience pura bigreko chaina,positive
repair cost dherai rubbish lagyo,negative
yo place galti cha,negative
Yo servicing center pura kharab chaina,positive
ma brake system bata extra charge,negative
phone response ma hidden charge,negative
"yo auto workshop ma sahyog cha, poor pani cha",neutral
tyre condition pura bakbas chaina,positive
battery service ramaro bhaena,negative
yo mechanic shop lastai naramro cha,negative
ma payment system bata original parts,positive
Malai bill amount fraud lagena,positive
malai car servicing normal lagyo,neutral
mero experience smooth thiyo tara late bhayo,negative
yo auto workshop reliable thiyo tara hawa bhayo,negative
repair cost raddi thiyo tara excellent bhayo,positive
malai maintenance service majja lagena,negative
yo workshop use garda risaune feel bhayo,negative
BRAKE CONDITION PURA OVERPRICED CHAINA,positive
yo servicing ko quality reasonable cha,positive
"tyre condition great pani cha, problem pani cha",neutral
parts replacement pura pathetic chaina,positive
overall experience ok cha,neutral
yo mechanic shop ma sahayogi experience bhayo,positive
YO BILL EKDAM SANTUSTA CHA,positive
Phone response ma thikkai experience bhayo,neutral
malai brake condition reliable lagena,negative
phone response use garda faltu feel bhayo,negative
parts quality lastai raamro cha,positive
brake system imandar thiyo tara luteko bhayo,negative
customer service lastai lajawab cha,positive
yo repair service average cha,neutral
engine condition ali thik,neutral
yo servicing thik bhayo,positive
replacement parts ma chor experience bhayo,negative
bill amount ko quality bhalo cha,positive
yo garage ekdam hawa cha,negative
repair time ko quality thikkai cha,neutral
yo servicing khera cha tara khusi cha,positive
customer service ko barema man parena,negative
engine condition lastai ok cha,neutral
yo auto workshop quality thiyo tara bigreko bhayo,negative
ma repair time bata top quality,positive
engine repair recommend cha,positive
service time raamro cha tara bakwas cha,negative
ma yo servicing bata original parts,positive
bike servicing ko quality thik cha,neutral
phone response lastai expensive cha,negative
"car servicing ramro pani cha, waste pani cha",neutral
bill amount ko quality thikkai cha,neutral
bike servicing ma paisa khera,negative
"yo servicing ma excellent cha, awful pani cha",neutral
"yo servicing center dami pani cha, expensive pani cha",neutral
service cost ko barema man paryo,positive
bike servicing ekdam okay chha,neutral
parts replacement ekdam problem cha,negative
complaint handling ekdam samanya cha,neutral
service cost waste of money,negative
bill amount ekdam normal cha,neutral
ma complaint handling bata purano parts,negative
mero car condition ko quality okay cha,neutral
support team ekdam sundar cha,positive
ma phone response bata value for money,positive
yo mechanic shop so so,neutral
yo workshop excellent thiyo tara naramro bhayo,negative
malai yo servicing bigriyo lagyo,negative
Tyre condition awesome thiena,negative
repair cost use garda babbal feel bhayo,positive
Maintenance service pura dami chaina,negative
malai engine kaam late lagyo,negative
Yo garage reasonable chaina,negative
engine kaam pura great chaina,negative
parts quality quick cha,positive
yo repair service dherai kharab lagyo,negative
repair time jhyau chaina,positive
customer service ekdam average cha,neutral
ma engine kaam bata engine check,neutral
"engine condition quick pani cha, worsened pani cha",neutral
"customer service recommend pani cha, delay pani cha",neutral
overall experience lastai thikkai cha,neutral
malai vehicle performance mast lagyo,positive
delivery time ko quality average cha,neutral
yo place pura delay chaina,positive
Yo charge pura awful chaina,positive
yo thau ma top quality,positive
support team phutyo cha,negative
payment system ramro chaina,negative
Ma mero experience bata kaam sakiyo,neutral
YO PRICE USE GARDA RUBBISH FEEL BHAYO,negative
repair time ko quality bharpardo cha,positive
parts quality jhyau thiena,positive
tyre condition honest thiyo tara hawa bhayo,negative
"parts replacement ma great cha, samasya pani cha",neutral
yo garage bhalo thiyo tara bakwas bhayo,negative
yo price friendly thiena,negative
complaint handling smooth cha,positive
malai mero car condition bhorosa lagyo,positive
worker haru thik jasto,neutral
yo mechanic shop dherai thikkai lagyo,neutral
brake condition engine check,neutral
"yo spare parts ma best cha, kharab pani cha",neutral
"waiting time affordable pani cha, awful pani cha",neutral
BRAKE CONDITION DHERAI OK LAGYO,neutral
yo place use garda normal feel bhayo,neutral
yo technician ma kaam sakiyo,neutral
"service time ma affordable cha, khera pani cha",neutral
yo price duplicate thiyo tara bhorosa bhayo,positive
ma yo servicing center bata kaam adhuro,negative
CAR SERVICING LAJAWAB CHA TARA DHILO CHA,negative
yo technician awful bhaena,positive
car servicing dherai asal lagyo,positive
customer service dherai sipalu lagyo,positive
engine kaam scam thiyo tara ramaro bhayo,positive
engine repair dherai awful lagyo,negative
yo place helpful bhaena,negative
"waiting time affordable pani cha, bigriyo pani cha",neutral
yo servicing center ghatiya bhaena,positive
tyre condition ma thikkai experience bhayo,neutral
yo servicing use garda careless feel bhayo,negative
yo servicing center faltu thiyo tara good bhayo,positive
bill amount ma purano parts,negative
waiting time bharpardo bhaena,negative
service cost ma thikai chha,neutral
engine kaam smooth bhaena,negative
repair cost use garda risaune feel bhayo,negative
yo mechanic okay chha,neutral
yo place use garda samanya feel bhayo,neutral
Yo mechanic dai ko quality ok cha,neutral
yo price ko quality pathetic cha,negative
yo servicing center pura phutyo chaina,positive
yo auto workshop ma thikai experience bhayo,neutral
"customer service ma mast cha, bigriyo pani cha",neutral
YO PLACE PURA CHOR CHAINA,positive
tyre condition use garda satisfied feel bhayo,positive
payment system dherai duplicate lagyo,negative
overall experience ko quality average cha,neutral
Payment system dami thiyo tara awful bhayo,negative
engine repair ma so so,neutral
tyre condition lastai samanya cha,neutral
ma mero bike condition bata low quality,negative
MERO BIKE CONDITION KAAM SAKIYO,neutral
mero experience mahengo thiena,positive
mero bike condition duplicate parts,negative
Malai yo thau recommend lagyo,positive
parts replacement ko barema used parts,negative
tyre condition reliable cha tara late cha,negative
customer service ma same issue,negative
mero bike condition normal cha,neutral
yo garage top quality,positive
customer service lastai thik cha,neutral
YO MECHANIC KO BAREMA VALUE FOR MONEY,positive
phone response naramo chaina,positive
customer service ma okay experience bhayo,neutral
bill amount use garda raamro feel bhayo,positive
vehicle performance nikamma bhaena,positive
engine condition ma ramaro experience bhayo,positive
yo mechanic shop santusta cha tara jhyau cha,negative
support team engine check,neutral
yo price thagi cha,negative
battery service recommend chha tara raddi cha,negative
yo repair service ramro thiyo tara late bhayo,negative
Yo mechanic shop ramaro bhaena,negative
tyre condition terrible thiena,positive
"overall experience ma sifaris cha, galti pani cha",neutral
yo price ma chitta bujhyo,positive
yo auto workshop ma chitta bujhena,negative
replacement parts use garda perfect feel bhayo,positive
yo price sahyog cha,positive
yo repair service ko barema highly recommend,positive
malai yo price mahango lagyo,negative
mero experience lastai average cha,neutral
brake system use garda normal feel bhayo,neutral
service time ma angry experience bhayo,negative
yo bill galti bhaena,positive
repair time top quality,positive
malai parts replacement fake lagyo,negative
support team lastai naraamro cha,negative
yo mechanic dherai samanya lagyo,neutral
service cost ma bad experience bhayo,negative
battery service dherai recommend lagyo,positive
yo repair service ma okay experience bhayo,neutral
payment system ekdam sipalu cha,positive
payment system use garda chor feel bhayo,negative
STAFF HARU PERFECT CHA TARA NIKAMMA CHA,negative
yo place okay cha,neutral
malai yo bill normal lagyo,neutral
"engine condition ma sundar cha, frustrated pani cha",neutral
parts replacement lastai mahengo cha,negative
parts replacement lastai disappointed cha,negative
ma mero bike condition bata service bhayo,neutral
worker haru ali thik,neutral
bike servicing use garda ok feel bhayo,neutral
malai car servicing worst lagena,positive
payment system prasanna thiyo tara slow bhayo,negative
delivery time lastai ok chha,neutral
delivery time galti chaina,positive
malai customer service quality lagena,negative
complaint handling use garda asal feel bhayo,positive
"yo auto workshop ma excellent cha, naraamro pani cha",neutral
yo auto workshop ko quality okay chha,neutral
yo price ma recommend experience bhayo,positive
brake condition ko barema service bhayo,neutral
battery service ma reasonable experience bhayo,positive
engine repair ko barema kaam bhayo,neutral
yo repair service ma ramro bhayena,negative
yo workshop pura khusi chaina,negative
yo spare parts lastai naramro cha,negative
yo mechanic shop dherai thag lagyo,negative
yo spare parts use garda okay feel bhayo,neutral
service time dherai thik lagyo,neutral
battery service thikai cha,neutral
mero bike condition worth it,positive
malai mero experience safa lagyo,positive
"repair cost ma bhorosa cha, slow pani cha",neutral
YO REPAIR SERVICE LASTAI EXCELLENT CHHA,positive
ma yo mechanic shop bata hidden charge,negative
Engine kaam dherai thikkai lagyo,neutral
"waiting time ma jabardast cha, bakwas pani cha",neutral
complaint handling khera cha tara chitto cha,positive
"mero experience mast pani cha, fohor pani chha",neutral
engine condition ma thik garena,negative
ma mero car condition bata man paryo,positive
ma worker haru bata fake parts,negative
brake system ekdam thag cha,negative
yo mechanic shop use garda safa feel bhayo,positive
malai service time khusi lagena,negative
parts quality ekdam galti cha,negative
"parts replacement genuine pani cha, naramo pani cha",neutral
yo spare parts ekdam okay chha,neutral
worker haru ko barema thik bhayo,positive
YO WORKSHOP BHARPARDO BHAENA,negative
YO MECHANIC SHOP RAMRO THIYO TARA ADHURO BHAYO,negative
car servicing ma chitta bujhyo,positive
maintenance service jhyau bhaena,positive
repair time scam thiyo tara mitho bhayo,positive
BRAKE CONDITION MA ON TIME,positive
bike servicing kaam sakiyo,neutral
mero car condition rude cha,negative
malai battery service bhorosa lagena,negative
Payment system use garda awesome feel bhayo,positive
worker haru santusta chaina,negative
CAR SERVICING KO QUALITY RELIABLE CHA,positive
malai worker haru fake lagyo,negative
yo mechanic shop ko barema kaam sakiyo,neutral
mero bike condition sipalu chha,positive
ma yo garage bata kaam bhayo,neutral
yo servicing dherai normal lagyo,neutral
brake system ma friendly experience bhayo,positive
parts quality ramro lagyo,positive
waiting time safa cha tara bakbas cha,negative
brake system okay cha,neutral
YO PLACE WORST CHA,negative
battery service ma lajawab experience bhayo,positive
replacement parts recommend bhaena,negative
maintenance service quick thiyo tara dhila bhayo,negative
Brake condition ma highly recommend,positive
YO SERVICING THAGI CHA TARA SAFA CHA,positive
ma yo servicing center bata duplicate parts,negative
customer service dherai thikkai lagyo,neutral
repair cost just okay,neutral
repair cost sasto chaina,negative
yo auto workshop ma normal experience bhayo,neutral
Engine repair lastai pathetic cha,negative
"yo mechanic shop awesome pani cha, bad pani cha",neutral
repair cost dherai annoyed lagyo,negative
yo place sipalu cha,positive
ma brake condition bata kaam sakiyo,neutral
billing system ekdam okay cha,neutral
Replacement parts thik cha,neutral
car servicing jhutho thiyo tara cheap bhayo,positive
car servicing fraud thiyo tara smooth bhayo,positive
OVERALL EXPERIENCE SIPALU THIYO TARA WORSENED BHAYO,negative
yo repair service pura durable chaina,negative
delivery time ko quality fraud cha,negative
mero bike condition recommend cha,positive
yo thau ma oil change,neutral
MALAI YO WORKSHOP OK LAGYO,neutral
mero car condition ma service bhayo,neutral
malai brake system prasanna lagyo,positive
phone response dherai thik lagyo,neutral
bill amount bharpardo cha tara poor cha,negative
Replacement parts dherai rude lagyo,negative
yo auto workshop lastai jhyau cha,negative
malai yo mechanic dai mitho lagena,negative
malai billing system overpriced lagena,positive
yo repair service hawa thiyo tara friendly bhayo,positive
yo mechanic dai use garda smooth feel bhayo,positive
"yo place ma badhiya cha, frustrated pani cha",neutral
car servicing engine check,neutral
malai staff haru ramro lagyo,positive
vehicle performance ma bigreko experience bhayo,negative
yo technician ko quality satisfied chha,positive
"delivery time ma affordable cha, dukha pani cha",neutral
Customer service use garda overpriced feel bhayo,negative
Tyre condition dherai problem lagyo,negative
replacement parts ekdam ok cha,neutral
"yo mechanic ma bharpardo cha, khera pani cha",neutral
battery service bhalo cha,positive
yo spare parts raddi thiyo tara sahi bhayo,positive
malai repair cost faltu lagyo,negative
battery service durable chaina,negative
bill amount ma dhokha experience bhayo,negative
engine kaam ko barema engine bigriyo,negative
yo charge use garda ramaro feel bhayo,positive
MALAI MERO BIKE CONDITION LATE LAGYO,negative
"YO MECHANIC DAI DURABLE PANI CHA, NIKAMMA PANI CHA",neutral
"Parts replacement babbal pani cha, khera pani cha",neutral
battery service use garda ok feel bhayo,neutral
yo workshop dherai ramaro lagyo,positive
"customer service badhiya pani cha, pathetic pani cha",neutral
mero experience problem thiyo tara khusi bhayo,positive
Staff haru lastai average cha,neutral
parts quality pura phutyo chaina,positive
yo price sundar cha tara mahengo cha,negative
customer service ma thik jasto,neutral
malai service cost sahyog lagena,negative
yo technician ma feri aauchu,positive
bill amount ali thik,neutral
customer service ekdam ok cha,neutral
car servicing happy cha tara pathetic cha,negative
"waiting time recommend pani cha, terrible pani cha",neutral
"repair time ramaro pani cha, ruksha pani cha",neutral
"parts quality lajawab pani cha, dukha pani cha",neutral
replacement parts oil change,neutral
"staff haru babbal pani cha, thagi pani cha",neutral
malai waiting time sundar lagyo,positive
yo servicing ma average experience bhayo,neutral
"support team friendly pani cha, awful pani chha",neutral
malai yo mechanic nice lagyo,positive
customer service ma thikai experience bhayo,neutral
"repair cost ma asal cha, thagi pani cha",neutral
mero experience ma cheap experience bhayo,positive
malai yo servicing samanya lagyo,neutral
malai billing system fraud lagyo,negative
brake system ma ramro bhayo,positive
yo auto workshop ko barema smooth cha,positive
ma yo spare parts bata hidden charge,negative
overall experience ma imandar experience bhayo,positive
repair cost use garda angry feel bhayo,negative
overall experience dherai expensive lagyo,negative
yo servicing expensive chha,negative
malai yo mechanic bharpardo lagena,negative
yo servicing center ekdam bharpardo cha,positive
ma yo mechanic dai bata no response,negative
yo place use garda expensive feel bhayo,negative
"bill amount awesome pani cha, useless pani cha",neutral
bike servicing excellent cha tara bigreko cha,negative
malai maintenance service disappointed lagena,positive
"yo bill ma quality cha, overpriced pani cha",neutral
parts quality dhilo thiyo tara bhorosa bhayo,positive
staff haru ma used parts,negative
yo charge ko barema smooth cha,positive
payment system ma bakwas experience bhayo,negative
malai customer service sundar lagyo,positive
bike servicing service bhayo,neutral
yo charge ma ali thik,neutral
engine condition jhyau chaina,positive
Ma bike servicing bata just okay,neutral
delivery time smooth cha tara slow cha,negative
malai yo mechanic shop satisfied lagena,negative
malai brake system phutyo lagyo,negative
brake condition kharab cha tara cheap cha,positive
tyre condition kharab chaina,positive
YO BILL LUTEKO CHA TARA LAJAWAB CHA,positive
mero experience ko barema problem solve bhayo,positive
staff haru ramro thiyo tara kharab bhayo,negative
yo spare parts helpful chha tara rubbish cha,negative
engine repair ko quality okay cha,neutral
ma brake system bata smooth chha,positive
yo mechanic dai ma samanya experience bhayo,neutral
engine condition ko quality excellent cha,positive
billing system ko barema kaam sakiyo,neutral
battery service ko barema service bhayo,neutral
yo auto workshop dherai okay lagyo,neutral
MALAI YO MECHANIC DAI OKAY LAGYO,neutral
Engine condition ko barema thikai cha,neutral
yo mechanic dai ko quality thik cha,neutral
bill amount ma smooth cha,positive
"maintenance service fast pani cha, naraamro pani cha",neutral
ENGINE KAAM MA SO SO,neutral
yo servicing center dhanyabad bhaena,negative
"yo workshop reliable pani cha, rude pani cha",neutral
brake condition pura bhorosa chaina,negative
brake condition satisfied chaina,negative
brake condition ekdam late cha,negative
delivery time ma just okay,neutral
replacement parts ko barema man paryo,positive
Complaint handling engine check,neutral
billing system chitta bujhena,negative
malai customer service mast lagyo,positive
waiting time ma okay experience bhayo,neutral
customer service cheat cha tara dami cha,positive
replacement parts poor thiena,positive
service cost ma thik jasto,neutral
yo price ko quality problem chha,negative
yo auto workshop thikai cha,neutral
YO PLACE KO QUALITY ADHURO CHA,negative
yo mechanic shop mast chha tara useless cha,negative
repair time thagi cha tara honest cha,positive
service cost ko barema thik bhayo,positive
engine repair helpful thiyo tara worst bhayo,negative
brake condition ko quality thikkai cha,neutral
repair cost ma ali thik,neutral
support team use garda ramro feel bhayo,positive
payment system dherai samanya lagyo,neutral
malai tyre condition santusta lagena,negative
battery service delay chaina,positive
replacement parts use garda thikai feel bhayo,neutral
mero car condition delay cha tara smooth cha,positive
ma yo thau bata fake parts,negative
malai service time naramo lagyo,negative
"yo thau sahyog pani cha, mahango pani cha",neutral
brake system nice thiena,negative
ma car servicing bata ali thik,neutral
"yo servicing nice pani cha, fohor pani cha",neutral
yo repair service slow chaina,positive
mero car condition lastai asal cha,positive
repair cost dherai khera lagyo,negative
malai waiting time annoyed lagena,positive
ma customer service bata kaam bhayo,neutral
customer service chitto cha,positive
service cost kaam sakiyo,neutral
engine repair dhila bhaena,positive
brake condition quick thiyo tara risaune bhayo,negative
yo mechanic dai ekdam durable cha,positive
yo technician ko barema extra charge,negative
parts quality babbal thiyo tara fraud bhayo,negative
repair time frustrated thiyo tara best bhayo,positive
payment system ramro lagena,negative
"yo servicing ma smooth cha, pathetic pani cha",neutral
support team use garda helpful feel bhayo,positive
yo bill recommend gardina,negative
vehicle performance ko quality ramrari cha,positive
yo servicing ko quality awesome cha,positive
phone response samanya cha,neutral
malai support team bakwas lagyo,negative
ENGINE REPAIR PURA BABBAL CHAINA,negative
yo mechanic shop satisfied cha tara naramo cha,negative
"overall experience ma mast cha, raddi pani cha",neutral
malai complaint handling samanya lagyo,neutral
SERVICE COST RUKSHA CHA TARA BHARPARDO CHA,positive
billing system ma paisa khera,negative
customer service normal cha,neutral
yo thau dherai prasanna lagyo,positive
malai vehicle performance thikai lagyo,neutral
Yo thau use garda okay feel bhayo,neutral
yo garage pura sundar chaina,negative
yo spare parts ko barema thikai cha,neutral
Yo thau ekdam sundar cha,positive
yo spare parts dhokha cha tara chitto cha,positive
yo charge lastai fohor cha,negative
yo thau ekdam thik cha,neutral
"battery service ramrari pani cha, duplicate pani cha",neutral
yo repair service lastai thik cha,neutral
"yo thau ma dami cha, overpriced pani cha",neutral
maintenance service ma phutyo experience bhayo,negative
yo mechanic worsened cha,negative
yo place safa thiyo tara cheat bhayo,negative
PHONE RESPONSE KO QUALITY THIKKAI CHA,neutral
yo mechanic dai bigreko cha tara mitho cha,positive
tyre condition dherai phutyo lagyo,negative
parts quality use garda normal feel bhayo,neutral
overall experience lastai bhorosilo cha,positive
yo repair service dukha chaina,positive
engine condition just okay,neutral
mero bike condition ma chitta bujhena,negative
mero bike condition ma top quality,positive
yo garage use garda normal feel bhayo,neutral
"mero experience khusi pani cha, ruksha pani cha",neutral
engine kaam smooth cha,positive
yo spare parts ok cha,neutral
yo charge prasanna cha,positive
yo place lastai okay cha,neutral
MA TYRE CONDITION BATA ENGINE BIGRIYO,negative
repair time ma ramro experience bhayo,positive
engine condition ramro bhayo,positive
staff haru dherai okay lagyo,neutral
mero experience ko barema highly recommend,positive
yo workshop ko barema duplicate parts,negative
ma customer service bata used parts,negative
replacement parts ma ramro lagena,negative
billing system use garda bad feel bhayo,negative
delivery time ma okay experience bhayo,neutral
YO REPAIR SERVICE KO BAREMA SERVICE BHAYO,neutral
Ma repair time bata feri aauchu,positive
yo place ma not recommended,negative
bill amount use garda normal feel bhayo,neutral
repair time use garda average feel bhayo,neutral
yo mechanic dherai thikkai lagyo,neutral
mero bike condition lastai honest cha,positive
yo spare parts pura reasonable chaina,negative
service time ma fast experience bhayo,positive
ma yo servicing bata engine check,neutral
ma yo mechanic dai bata feri aauchu,positive
malai staff haru average lagyo,neutral
"YO WORKSHOP HONEST PANI CHA, JHUTHO PANI CHA",neutral
battery service awful cha,negative
yo servicing center normal cha,neutral
maintenance service naraamro cha tara awesome cha,positive
malai brake system santusta lagyo,positive
repair time lastai thik cha,neutral
payment system happy cha tara problem chha,negative
engine condition ekdam jhanjhat cha,negative
Yo charge use garda bharpardo feel bhayo,positive
Waiting time satisfied thiyo tara risaune bhayo,negative
Phone response dherai chor lagyo,negative
mero bike condition ko barema damage bhayo,negative
Yo mechanic ma ok experience bhayo,neutral
billing system ok cha,neutral
replacement parts lastai adhuro cha,negative
mero experience ko barema thik jasto,neutral
yo thau ekdam jhanjhat cha,negative
ma vehicle performance bata thik bhayo,positive
parts quality delay bhaena,positive
ma yo mechanic shop bata waste of money,negative
engine kaam lastai pathetic cha,negative
Yo charge chitta bujhyo,positive
malai payment system bakwas lagyo,negative
delivery time dherai genuine lagyo,positive
service cost ekdam mahango cha,negative
brake condition use garda hawa feel bhayo,negative
engine condition adhuro thiyo tara bhorosa bhayo,positive
yo workshop use garda thikai feel bhayo,neutral
yo place pathetic chha,negative
yo mechanic dai angry bhaena,positive
yo bill lastai thag cha,negative
yo mechanic shop pura problem chaina,positive
Yo garage lastai raamro cha,positive
parts replacement ko quality quick chha,positive
engine repair ok cha,neutral
billing system dherai sundar lagyo,positive
engine repair sundar bhaena,negative
mero bike condition khusi cha tara worsened cha,negative
maintenance service lastai okay cha,neutral
malai battery service mahango lagyo,negative
mero bike condition ma helpful experience bhayo,positive
vehicle performance use nagarnu,negative
yo mechanic shop ko quality perfect cha,positive
mero car condition ko barema purano parts,negative
repair cost ko quality samanya cha,neutral
yo technician ekdam khera cha,negative
bill amount ruksha chaina,positive
"vehicle performance ma sahi cha, galti pani cha",neutral
Yo auto workshop happy thiena,negative
Malai bill amount thik lagyo,neutral
customer service pura bharpardo chaina,negative
ma engine condition bata extra charge,negative
ma service time bata top quality,positive
customer service ma engine check,neutral
mero experience gajjab thiyo tara chor bhayo,negative
yo garage raddi bhaena,positive
yo mechanic dai pura thag chaina,positive
"parts quality ma safa cha, late pani cha",neutral
maintenance service helpful thiyo tara kharab bhayo,negative
battery service khusi thiyo tara ignored bhayo,negative
yo servicing ignored cha tara durable cha,positive
ma mero experience bata not recommended,negative
Yo bill ekdam dhokha cha,negative
car servicing ramaro cha tara faltu chha,negative
mero bike condition ekdam careless cha,negative
car servicing ko quality cheap cha,positive
overall experience jhur cha tara excellent cha,positive
Overall experience ko barema oil change,neutral
brake system lastai ok cha,neutral
yo price ko barema engine check,neutral
support team naramo cha tara good cha,positive
Payment system lastai luteko cha,negative
phone response ma kaam adhuro,negative
staff haru ko barema ramro lagena,negative
yo repair service dami thiyo tara damage bhayo,negative
replacement parts ma service bhayo,neutral
yo technician normal cha,neutral
repair time risaune chaina,positive
brake system pathetic thiyo tara fast bhayo,positive
support team dherai bhalo lagyo,positive
waiting time excellent bhaena,negative
yo technician dherai jhur lagyo,negative
YO BILL MAJJA CHA TARA THAGI CHA,negative
YO THAU JHANJHAT THIENA,positive
car servicing ma thik garena,negative
bike servicing dherai professional lagyo,positive
worker haru value for money,positive
yo bill ma bigreko experience bhayo,negative
"parts quality mitho pani cha, waste pani cha",neutral
yo workshop reliable chaina,negative
service time ko barema waste of money,negative
BILLING SYSTEM USE GARDA THAG FEEL BHAYO,negative
bill amount ko quality useless cha,negative
delivery time dherai slow lagyo,negative
parts quality ma smooth cha,positive
yo place ma engine check,neutral
brake system sundar cha tara naramro cha,negative
malai overall experience asal lagyo,positive
yo bill bhorosa cha tara dhokha cha,negative
complaint handling ko barema raamro lagena,negative
mero car condition feri aauchu,positive
billing system imandar cha,positive
yo spare parts so so,neutral
customer service ma average experience bhayo,neutral
malai yo workshop ramro lagyo,positive
yo thau dherai pathetic lagyo,negative
MALAI COMPLAINT HANDLING GHATIYA LAGENA,positive
yo servicing center use garda durable feel bhayo,positive
yo workshop bigriyo thiyo tara genuine bhayo,positive
yo auto workshop lastai jhutho cha,negative
yo place ko barema so so,neutral
malai brake condition kharab lagyo,negative
yo workshop best cha tara duplicate cha,negative
customer service just okay,neutral
SERVICE COST KO QUALITY PERFECT CHA,positive
"yo place majja pani cha, fraud pani cha",neutral
yo workshop duplicate chaina,positive
yo bill dami thiena,negative
mero experience pura pathetic chaina,positive
BRAKE SYSTEM WORST THIYO TARA GOOD BHAYO,positive
staff haru use garda lajawab feel bhayo,positive
malai yo mechanic shop fake lagyo,negative
"ENGINE CONDITION GENUINE PANI CHA, PATHETIC PANI CHA",neutral
yo workshop use garda samanya feel bhayo,neutral
engine repair ko quality awesome cha,positive
yo thau use garda mast feel bhayo,positive
waiting time okay cha,neutral
customer service ekdam angry cha,negative
VEHICLE PERFORMANCE BEST THIENA,negative
"yo charge sahyog pani cha, naraamro pani cha",neutral
replacement parts ko quality ramaro cha,positive
"yo bill ma dhanyabad cha, slow pani cha",neutral
yo mechanic shop helpful thiyo tara raddi bhayo,negative
Yo bill ekdam normal cha,neutral
yo technician ekdam thik cha,neutral
battery service use garda badhiya feel bhayo,positive
car servicing late bhaena,positive
repair time ma samanya experience bhayo,neutral
yo mechanic use garda samanya feel bhayo,neutral
malai yo auto workshop bhorosa lagyo,positive
payment system ko quality asal cha,positive
yo servicing fraud chha tara ramro cha,positive
billing system dherai average lagyo,neutral
BILL AMOUNT DHERAI DAMAGE LAGYO,negative
car servicing dherai best lagyo,positive
parts replacement ko barema no response,negative
SERVICE COST LASTAI AVERAGE CHA,neutral
billing system ma late experience bhayo,negative
YO CHARGE MA GALTI EXPERIENCE BHAYO,negative
yo technician lastai prasanna cha,positive
"yo technician ma safa cha, frustrated pani cha",neutral
worker haru ko barema fake parts,negative
vehicle performance ma fake experience bhayo,negative
ma phone response bata service bhayo,neutral
worker haru dherai naramo lagyo,negative
yo workshop ko barema satisfied chaina,negative
maintenance service ko barema feri aauchu,positive
STAFF HARU EKDAM THIKKAI CHA,neutral
yo repair service okay cha,neutral
parts replacement ekdam dukha cha,negative
Customer service hawa cha,negative
support team dukha cha tara majja cha,positive
mero bike condition pathetic chha tara jabardast cha,positive
yo price ko quality rude cha,negative
"billing system ma awesome cha, bigriyo pani cha",neutral
MA YO THAU BATA DUPLICATE PARTS,negative
yo spare parts lastai expensive cha,negative
malai support team normal lagyo,neutral
car servicing risaune bhaena,positive
TYRE CONDITION SERVICE BHAYO,neutral
malai engine kaam rubbish lagyo,negative
"parts quality ma dhanyabad cha, poor pani cha",neutral
yo servicing ekdam ok cha,neutral
staff haru ma worth it,positive
yo servicing lastai satisfied cha,positive
Service cost ekdam ok cha,neutral
malai repair time excellent lagyo,positive
yo mechanic dai dherai affordable lagyo,positive
"brake system asal pani cha, adhuro pani chha",neutral
"mero experience quality pani cha, fohor pani cha",neutral
malai service time genuine lagyo,positive
delivery time lastai badhiya cha,positive
mero bike condition ma engine check,neutral
yo place same issue,negative
CAR SERVICING MA OK EXPERIENCE BHAYO,neutral
malai yo mechanic shop imandar lagena,negative
yo mechanic shop lastai jabardast cha,positive
replacement parts use garda friendly feel bhayo,positive
waiting time ko barema kaam sakiyo,neutral
payment system dherai adhuro lagyo,negative
malai parts quality thag lagena,positive
mero bike condition ekdam thik cha,neutral
mero experience ko quality naraamro cha,negative
"yo mechanic ma jabardast cha, jhur pani cha",neutral
yo technician dherai dhila lagyo,negative
malai repair cost samanya lagyo,neutral
ma yo charge bata problem solve bhayo,positive
tyre condition pura annoyed chaina,positive
yo technician thik jasto,neutral
yo price ma average experience bhayo,neutral
mero experience ko quality samanya cha,neutral
yo repair service dherai thik lagyo,neutral
customer service ma ok experience bhayo,neutral
mero car condition ko barema not recommended,negative
engine kaam gajjab thiena,negative
support team ko quality prasanna cha,positive
BILLING SYSTEM MA ALI THIK,neutral
malai yo mechanic shop jhur lagena,positive
"payment system ma smooth cha, bakbas pani cha",neutral
yo auto workshop thik cha,neutral
battery service imandar thiyo tara problem bhayo,negative
billing system bad thiyo tara mast bhayo,positive
battery service ok cha,neutral
Yo servicing ma raamro bhayo,positive
yo workshop ko barema thik bhayo,positive
bill amount thikai cha,neutral
malai yo place gajjab lagyo,positive
yo mechanic jhanjhat cha tara raamro cha,positive
"tyre condition chitto pani cha, mahango pani cha",neutral
yo price ok cha,neutral
SUPPORT TEAM LUTEKO CHA TARA SATISFIED CHA,positive
mero bike condition asal cha,positive
Battery service ekdam average cha,neutral
payment system use garda professional feel bhayo,positive
yo repair service ekdam okay chha,neutral
Delivery time terrible cha tara gajjab cha,positive
yo mechanic excellent thiyo tara mahengo bhayo,negative
brake condition ma kharab experience bhayo,negative
worker haru use garda frustrated feel bhayo,negative
overall experience imandar thiyo tara disappointed bhayo,negative
"mero experience dami pani cha, slow pani cha",neutral
bill amount ghatiya bhaena,positive
yo repair service ma durable experience bhayo,positive
ma mero car condition bata kaam sakiyo,neutral
yo mechanic dai use nagarnu,negative
malai engine condition thik lagyo,neutral
mero bike condition ok cha,neutral
ma yo servicing bata extra charge,negative
ma yo spare parts bata on time,positive
car servicing lastai normal cha,neutral
brake system ko barema worth it,positive
car servicing ma just okay,neutral
repair cost use garda chitto feel bhayo,positive
"staff haru ma mitho cha, hawa pani cha",neutral
yo servicing center ko barema thikkai cha,neutral
bike servicing dherai rude lagyo,negative
yo place ko quality khera cha,negative
payment system use garda thikkai feel bhayo,neutral
repair time ma engine check,neutral
"car servicing ma babbal cha, galti pani cha",neutral
"staff haru ma khusi cha, rubbish pani cha",neutral
"repair time ma sahyog cha, bigriyo pani cha",neutral
WORKER HARU NICE THIYO TARA USELESS BHAYO,negative
worker haru dherai okay lagyo,neutral
YO CHARGE MA NORMAL EXPERIENCE BHAYO,neutral
OVERALL EXPERIENCE DHERAI BABBAL LAGYO,positive
brake system ko quality good cha,positive
Ma phone response bata paisa khera,negative
tyre condition late bhaena,positive
SUPPORT TEAM LASTAI WORSENED CHA,negative
ma yo mechanic dai bata so so,neutral
complaint handling ko barema paisa khera,negative
complaint handling ali thik,neutral
yo place dherai sahayogi lagyo,positive
worker haru ma thikkai experience bhayo,neutral
engine repair ma luteko experience bhayo,negative
worker haru sundar cha tara poor cha,negative
service time normal cha,neutral
Yo servicing santusta thiyo tara faltu bhayo,negative
service time ma sahyog experience bhayo,positive
Bike servicing ruksha thiyo tara genuine bhayo,positive
tyre condition sahayogi thiyo tara dhila bhayo,negative
maintenance service ramro lagyo,positive
malai mero experience overpriced lagyo,negative
ma yo servicing bata recommend gardina,negative
ma service time bata kaam bhayo,neutral
waiting time use garda dhanyabad feel bhayo,positive
yo mechanic dai thik cha,neutral
yo garage lastai thikai cha,neutral
ma yo auto workshop bata top quality,positive
parts quality ma santusta experience bhayo,positive
delivery time dherai ramaro lagyo,positive
CUSTOMER SERVICE KO BAREMA JUST OKAY,neutral
ENGINE REPAIR KO QUALITY THIKAI CHA,neutral
yo price ekdam damage cha,negative
"brake condition sahi pani cha, useless pani cha",neutral
engine kaam okay cha,neutral
STAFF HARU MA DHILA EXPERIENCE BHAYO,negative
service cost dherai thikai lagyo,neutral
engine repair lastai thik cha,neutral
bike servicing on time,positive
customer service ekdam majja cha,positive
ma yo workshop bata paisa khera,negative
mero car condition sifaris cha,positive
"yo servicing center ma khusi cha, late pani cha",neutral
repair cost ko quality khusi cha,positive
CAR SERVICING HAPPY CHA TARA POOR CHA,negative
car servicing no response,negative
repair cost ma on time,positive
engine kaam ma ali thik,neutral
parts quality samanya cha,neutral
ma engine condition bata smooth cha,positive
repair cost use garda normal feel bhayo,neutral
malai battery service mast lagena,negative
parts quality use garda delay feel bhayo,negative
overall experience ko quality samanya cha,neutral
yo charge dherai jhutho lagyo,negative
yo thau oil change,neutral
"service cost gajjab pani cha, nikamma pani cha",neutral
complaint handling ma recommend gardina,negative
waiting time ko quality reasonable cha,positive
DELIVERY TIME MA THIK EXPERIENCE BHAYO,neutral
car servicing dherai raddi lagyo,negative
MA REPAIR COST BATA ORIGINAL PARTS,positive
engine condition genuine cha,positive
CUSTOMER SERVICE LATE CHAINA,positive
Ma battery service bata highly recommend,positive
malai brake system quality lagena,negative
tyre condition ko barema oil change,neutral
ma yo mechanic shop bata kaam sakiyo,neutral
yo thau ma just okay,neutral
ma yo servicing bata fake parts,negative
"mero experience helpful pani cha, jhutho pani chha",neutral
mero experience hawa thiena,positive
repair cost ko barema kaam bhayo,neutral
malai maintenance service majja lagyo,positive
yo bill terrible bhaena,positive
"yo workshop ma babbal cha, overpriced pani chha",neutral
yo bill lastai ghatiya cha,negative
ma yo servicing center bata ramro lagyo,positive
billing system dherai ignored lagyo,negative
Delivery time ma value for money,positive
payment system ekdam dami cha,positive
yo mechanic use garda thikai feel bhayo,neutral
service time reasonable bhaena,negative
parts replacement ma samanya experience bhayo,neutral
customer service use garda bhorosilo feel bhayo,positive
replacement parts ko quality dukha cha,negative
yo spare parts ma man paryo,positive
service time durable cha,positive
yo workshop ma worth it,positive
ma support team bata chitta bujhena,negative
phone response ekdam normal cha,neutral
staff haru ko barema value for money,positive
yo technician fake thiyo tara fast bhayo,positive
billing system dherai professional lagyo,positive
yo spare parts problem bhaena,positive
repair time dherai samanya lagyo,neutral
"phone response ma satisfied cha, rubbish pani chha",neutral
mero car condition satisfied chaina,negative
replacement parts ko quality ghatiya cha,negative
yo mechanic use garda bakwas feel bhayo,negative
mero car condition lastai samanya cha,neutral
YO REPAIR SERVICE KO BAREMA THIKAI CHA,neutral
ma brake system bata worth it,positive
"yo garage ma reliable cha, pathetic pani cha",neutral
WORKER HARU USE GARDA UNPROFESSIONAL FEEL BHAYO,negative
yo spare parts ma great experience bhayo,positive
maintenance service ma best experience bhayo,positive
yo spare parts ramaro thiena,negative
staff haru prasanna chaina,negative
yo spare parts ma samanya experience bhayo,neutral
"mero car condition reliable pani cha, thag pani cha",neutral
waiting time helpful thiyo tara careless bhayo,negative
malai engine condition thikkai lagyo,neutral
yo bill on time,positive
MALAI SERVICE COST OK LAGYO,neutral
staff haru use garda mahengo feel bhayo,negative
YO SERVICING KO BAREMA OIL CHANGE,neutral
staff haru lastai quality cha,positive
yo thau use garda jhutho feel bhayo,negative
yo price cheap cha tara damage cha,negative
ma yo technician bata never again,negative
brake condition jhur cha tara imandar cha,positive
"service time ma chitto cha, jhyau pani cha",neutral
yo mechanic mahengo cha tara santusta cha,positive
"staff haru ma mitho cha, terrible pani cha",neutral
mero bike condition ko quality thik cha,neutral
yo servicing ma engine bigriyo,negative
engine repair ekdam perfect cha,positive
malai yo mechanic dai samanya lagyo,neutral
parts replacement ko quality luteko cha,negative
yo price fohor thiena,positive
ma tyre condition bata satisfied chaina,negative
malai service cost okay lagyo,neutral
yo auto workshop ekdam samasya cha,negative
mero bike condition recommend cha tara duplicate cha,negative
yo thau ma okay experience bhayo,neutral
delivery time lastai ok cha,neutral
YO BILL KHUSI THIENA,negative
malai bike servicing jhanjhat lagena,positive
tyre condition ignored bhaena,positive
Yo price average cha,neutral
battery service lastai sundar cha,positive
phone response ma avoid garnu,negative
ma mero car condition bata kaam bhayo,neutral
"billing system honest pani cha, naramo pani cha",neutral
yo mechanic bigreko cha tara sipalu cha,positive
"replacement parts ramaro pani cha, adhuro pani cha",neutral
support team ekdam thik cha,neutral
malai mero experience naramo lagyo,negative
engine kaam ko barema kaam sakiyo,neutral
yo workshop thagi cha,negative
staff haru slow cha,negative
mero experience problem solve bhayo,positive
repair time value for money,positive
malai brake system thikkai lagyo,neutral
"staff haru dhanyabad pani cha, expensive pani cha",neutral
bill amount ok cha,neutral
complaint handling ko quality thikkai chha,neutral
overall experience ko barema waste of money,negative
Ma maintenance service bata chitta bujhyo,positive
maintenance service ko quality thikai cha,neutral
parts quality ko barema recommend gardina,negative
yo mechanic dai lastai samanya chha,neutral
support team ghatiya cha tara bhalo cha,positive
yo bill bad thiyo tara bhalo bhayo,positive
staff haru sahi cha tara waste cha,negative
ma yo repair service bata just okay,neutral
yo price dherai risaune lagyo,negative
parts quality raamro bhaena,negative
mero experience ko barema waste of money,negative
REPAIR TIME MA ON TIME,positive
ENGINE REPAIR USE GARDA NORMAL FEEL BHAYO,neutral
yo workshop ma lajawab experience bhayo,positive
"replacement parts ramaro pani cha, fraud pani cha",neutral
engine condition dherai unprofessional lagyo,negative
ma mero car condition bata thik bhayo,positive
yo thau reasonable thiyo tara ignored bhayo,negative
YO SERVICING BHALO THIENA,negative
support team ma kaam sakiyo,neutral
billing system delay cha,negative
yo price ekdam dukha cha,negative
complaint handling ghatiya thiyo tara safa bhayo,positive
billing system ekdam phutyo cha,negative
mero bike condition samanya cha,neutral
yo mechanic dai ekdam nikamma cha,negative
yo auto workshop santusta chaina,negative
parts replacement ekdam okay cha,neutral
brake system affordable chaina,negative
engine repair bakwas thiyo tara bharpardo bhayo,positive
yo servicing center ekdam pathetic cha,negative
malai car servicing damage lagena,positive
ma tyre condition bata on time,positive
BRAKE CONDITION SAHI CHA TARA RADDI CHA,negative
bike servicing lastai bigreko cha,negative
maintenance service kaam bhayo,neutral
bill amount ma ok experience bhayo,neutral
BATTERY SERVICE USE GARDA THIKAI FEEL BHAYO,neutral
yo auto workshop late thiyo tara excellent bhayo,positive
yo servicing center ko quality damage cha,negative
yo technician thik bhayo,positive
malai parts replacement thik lagyo,neutral
yo place best thiyo tara cheat bhayo,negative
ma yo workshop bata engine check,neutral
Ma yo servicing center bata ramro bhayo,positive
car servicing ruksha thiyo tara bhorosa bhayo,positive
yo mechanic shop lastai ok cha,neutral
parts replacement gajjab bhaena,negative
mero car condition ko quality asal cha,positive
service time lastai normal cha,neutral
"yo technician sahi pani cha, galti pani cha",neutral
yo mechanic shop reliable chaina,negative
"Service time sasto pani cha, dhokha pani cha",neutral
yo mechanic purano parts,negative
BATTERY SERVICE DAMAGE CHA,negative
yo garage ekdam expensive cha,negative
yo technician use garda normal feel bhayo,neutral
malai customer service careless lagena,positive
MALAI WAITING TIME THIKAI LAGYO,neutral
malai replacement parts jhanjhat lagyo,negative
replacement parts use garda professional feel bhayo,positive
ma parts replacement bata kaam sakiyo,neutral
bike servicing ekdam majja cha,positive
"overall experience dhanyabad pani cha, bigreko pani cha",neutral
"parts quality dami pani cha, duplicate pani cha",neutral
ma customer service bata thik jasto,neutral
replacement parts used parts,negative
car servicing ko quality dhilo cha,negative
parts quality lajawab thiena,negative
malai delivery time sifaris lagena,negative
yo mechanic excellent thiyo tara late bhayo,negative
BILL AMOUNT DURABLE THIYO TARA UNPROFESSIONAL BHAYO,negative
replacement parts okay cha,neutral
service time ramaro thiyo tara faltu bhayo,negative
"billing system ma cheap cha, cheat pani cha",neutral
"yo mechanic shop affordable pani cha, bigriyo pani cha",neutral
yo mechanic dai ko quality excellent chha,positive
Yo servicing center ko quality frustrated cha,negative
yo technician use garda average feel bhayo,neutral
yo mechanic dherai majja lagyo,positive
support team good bhaena,negative
yo servicing center ramro bhayo,positive
REPAIR COST LASTAI SIPALU CHA,positive
yo auto workshop ekdam galti cha,negative
yo auto workshop reasonable cha,positive
parts quality risaune cha tara perfect cha,positive
yo mechanic recommend thiyo tara terrible bhayo,negative
parts quality sahayogi cha tara waste cha,negative
billing system ko quality perfect cha,positive
ma yo bill bata thikai cha,neutral
malai yo auto workshop recommend lagyo,positive
yo auto workshop ma waste of money,negative
waiting time reliable cha tara problem cha,negative
ma mero car condition bata use nagarnu,negative
yo mechanic shop thikai chha,neutral
car servicing ko quality chor cha,negative
ma repair time bata extra charge,negative
staff haru ma man parena,negative
"worker haru bhalo pani cha, naramro pani cha",neutral
maintenance service ko quality recommend cha,positive
waiting time samanya cha,neutral
yo mechanic ekdam average cha,neutral
vehicle performance lastai thik cha,neutral
payment system ko quality cheap cha,positive
worker haru slow cha,negative
overall experience safa chaina,negative
SERVICE TIME USE GARDA NORMAL FEEL BHAYO,neutral
MALAI YO SERVICING CENTER SMOOTH LAGENA,negative
yo charge ma okay experience bhayo,neutral
payment system dherai ok lagyo,neutral
malai overall experience mast lagyo,positive
ma repair time bata fake parts,negative
yo auto workshop expensive thiena,positive
yo mechanic shop use garda asal feel bhayo,positive
"yo auto workshop cheap pani cha, overpriced pani cha",neutral
malai mero car condition kharab lagena,positive
yo thau pura expensive chaina,positive
yo place ekdam average cha,neutral
YO MECHANIC DHERAI CHOR LAGYO,negative
yo place slow cha tara sahayogi cha,positive
yo bill poor cha tara recommend cha,positive
maintenance service dhila thiena,positive
malai yo mechanic shop samanya lagyo,neutral
waiting time lastai samanya cha,neutral
battery service ramrari cha,positive
yo servicing center ma fast experience bhayo,positive
REPAIR TIME DAMI CHA TARA CHEAT CHA,negative
service cost dami thiyo tara unprofessional bhayo,negative
bike servicing phutyo thiena,positive
yo price use garda mahango feel bhayo,negative
replacement parts use garda ok feel bhayo,neutral
delivery time satisfied cha tara problem cha,negative
repair cost ma professional experience bhayo,positive
Yo repair service ko barema thik jasto,neutral
malai yo place okay lagyo,neutral
tyre condition lajawab cha tara annoyed cha,negative
malai maintenance service thik lagyo,neutral
Payment system ko quality duplicate cha,negative
engine repair fake thiena,positive
tyre condition lastai ok cha,neutral
ma yo spare parts bata ramro bhayo,positive
complaint handling kharab cha,negative
replacement parts ko barema value for money,positive
service cost ko barema paisa khera,negative
ma billing system bata oil change,neutral
ma tyre condition bata damage bhayo,negative
tyre condition ko barema not recommended,negative
billing system pathetic cha,negative
parts quality ko quality samanya cha,neutral
brake system ok cha,neutral
"engine repair mast pani cha, disappointed pani cha",neutral
yo servicing ekdam majja chha,positive
"complaint handling ma fast cha, jhyau pani cha",neutral
delivery time ramro bhayena,negative
Mero experience use garda terrible feel bhayo,negative
yo thau ko barema top quality,positive
yo place pathetic cha tara reasonable cha,positive
malai repair time asal lagyo,positive
yo garage lastai ramaro chha,positive
malai engine kaam samanya lagyo,neutral
yo workshop ma thikkai experience bhayo,neutral
yo mechanic ma late experience bhayo,negative
"ENGINE CONDITION MA FAST CHA, THAG PANI CHA",neutral
"staff haru imandar pani cha, naramro pani cha",neutral
yo workshop ma never again,negative
mero bike condition thik bhayo,positive
yo bill quick cha tara bakbas cha,negative
yo mechanic shop ko barema engine bigriyo,negative
maintenance service ma expensive experience bhayo,negative
yo technician delay cha tara safa cha,positive
"engine condition ma fast cha, useless pani cha",neutral
yo garage ma bad experience bhayo,negative
billing system ekdam safa cha,positive
phone response ko quality fraud cha,negative
battery service lastai normal cha,neutral
service cost bekar cha tara lajawab cha,positive
yo mechanic dai sasto chaina,negative
yo thau ko quality thik cha,neutral
yo bill lastai helpful cha,positive
yo thau ma thikai experience bhayo,neutral
parts quality ko quality damage cha,negative
yo servicing unprofessional chaina,positive
mero bike condition badhiya thiena,negative
worker haru bakwas thiena,positive
"tyre condition sipalu pani cha, thag pani cha",neutral
service cost pura quick chaina,negative
brake system ekdam dukha cha,negative
repair time chitto chaina,negative
repair cost lastai ok cha,neutral
malai car servicing recommend lagena,negative
repair cost pura safa chaina,negative
ma waiting time bata smooth cha,positive
service time ko barema so so,neutral
yo mechanic shop babbal chaina,negative
engine kaam khusi thiyo tara samasya bhayo,negative
malai bike servicing dukha lagyo,negative
yo workshop ko quality fake cha,negative
ma yo workshop bata on time,positive
ma parts replacement bata on time,positive
ENGINE REPAIR DHANYABAD CHA,positive
engine kaam ramaro thiyo tara risaune bhayo,negative
maintenance service ok cha,neutral
yo price use garda majja feel bhayo,positive
service time ma thag experience bhayo,negative
yo workshop ma fraud experience bhayo,negative
Yo bill use garda samanya feel bhayo,neutral
Parts quality jhutho chaina,positive
yo thau ko barema not recommended,negative
engine kaam ko barema thik bhayo,positive
"yo servicing ma best cha, angry pani cha",neutral
yo bill ma dhilo experience bhayo,negative
yo repair service majja cha,positive
yo mechanic dai lastai terrible cha,negative
Malai engine condition dhila lagena,positive
waiting time excellent chha tara nikamma cha,negative
payment system sifaris thiena,negative
yo charge ko quality naramo cha,negative
service time highly recommend,positive
parts replacement lastai average cha,neutral
yo repair service thik cha,neutral
complaint handling ko quality sifaris cha,positive
ma bike servicing bata on time,positive
service time ko quality satisfied cha,positive
repair time pathetic chha,negative
yo place use garda risaune feel bhayo,negative
yo mechanic shop highly recommend,positive
maintenance service happy bhaena,negative
"repair time ma honest cha, poor pani cha",neutral
brake system ko quality dhila chha,negative
tyre condition ko quality imandar cha,positive
yo servicing center ko quality fohor cha,negative
yo price ma jhanjhat experience bhayo,negative
yo place badhiya chha tara thag cha,negative
vehicle performance ekdam samasya cha,negative
delivery time ali thik,neutral
ma staff haru bata original parts,positive
overall experience mitho bhaena,negative
Yo price ma ramro bhayena,negative
yo servicing center ma ramro bhayena,negative
yo bill smooth cha,positive
engine kaam ma value for money,positive
bike servicing useless chaina,positive
repair cost ma thikai experience bhayo,neutral
overall experience ma hawa experience bhayo,negative
malai yo servicing sahi lagyo,positive
tyre condition ma safa experience bhayo,positive
malai service cost sahi lagyo,positive
service cost dherai thikkai lagyo,neutral
parts quality dherai smooth lagyo,positive
vehicle performance dherai thik lagyo,neutral
malai tyre condition faltu lagyo,negative
engine kaam ekdam perfect cha,positive
support team pura majja chaina,negative
ma yo price bata just okay,neutral
support team use garda average feel bhayo,neutral
service cost lastai thikkai cha,neutral
ma yo mechanic shop bata satisfied chaina,negative
MA CAR SERVICING BATA THIK BHAYO,positive
"billing system ma best cha, poor pani cha",neutral
engine kaam thikai cha,neutral
phone response ko barema kaam bhayo,neutral
service time thikai cha,neutral
complaint handling ma gajjab experience bhayo,positive
yo price ma samanya experience bhayo,neutral
Parts quality overpriced chha,negative
malai yo workshop delay lagena,positive
yo auto workshop pura bekar chaina,positive
car servicing ma use nagarnu,negative
parts quality use garda jhutho feel bhayo,negative
delivery time ko quality dhanyabad cha,positive
yo bill samanya cha,neutral
yo technician dhilo cha tara happy cha,positive
"engine kaam sasto pani cha, problem pani cha",neutral
Yo mechanic dherai thikai lagyo,neutral
customer service ma honest experience bhayo,positive
yo price best bhaena,negative
service time jabardast chaina,negative
yo price value for money,positive
"YO MECHANIC DAI MA SUNDAR CHA, FALTU PANI CHA",neutral
delivery time jhur thiena,positive
yo spare parts ko quality dhanyabad cha,positive
SERVICE COST DHERAI DISAPPOINTED LAGYO,negative
yo mechanic shop ma normal experience bhayo,neutral
engine repair late thiena,positive
yo auto workshop badhiya cha,positive
BILL AMOUNT USE GARDA JHYAU FEEL BHAYO,negative
ma yo auto workshop bata hidden charge,negative
yo price disappointed chaina,positive
"yo repair service genuine pani cha, mahango pani cha",neutral
overall experience ko quality duplicate cha,negative
parts replacement ma man parena,negative
bike servicing ma thikai experience bhayo,neutral
brake condition use garda samanya feel bhayo,neutral
payment system cheat thiyo tara jabardast bhayo,positive
billing system ekdam thikai cha,neutral
support team service bhayo,neutral
yo garage pura worsened chaina,positive
"complaint handling ma fast cha, worst pani cha",neutral
repair time luteko bhaena,positive
tyre condition use garda thik feel bhayo,neutral
customer service ekdam best cha,positive
COMPLAINT HANDLING DHERAI SANTUSTA LAGYO,positive
ma battery service bata avoid garnu,negative
malai support team luteko lagyo,negative
mero experience asal thiyo tara pathetic bhayo,negative
engine kaam ekdam thikkai cha,neutral
malai service time bhorosa lagena,negative
customer service use garda dukha feel bhayo,negative
billing system prasanna chaina,negative
YO TECHNICIAN IGNORED CHA,negative
yo technician ma sundar experience bhayo,positive
MA YO GARAGE BATA WORTH IT,positive
ma complaint handling bata hidden charge,negative
complaint handling ma smooth cha,positive
"vehicle performance ma safa cha, bekar pani cha",neutral
Yo charge lastai normal cha,neutral
mero car condition chitta bujhena,negative
mero car condition used parts,negative
yo servicing samasya cha,negative
Malai yo place professional lagena,negative
car servicing pura santusta chaina,negative
Car servicing unprofessional cha,negative
ma support team bata kaam adhuro,negative
MALAI SERVICE TIME SIPALU LAGYO,positive
bike servicing lastai delay cha,negative
yo technician ma value for money,positive
car servicing normal cha,neutral
"service time badhiya pani cha, thagi pani cha",neutral
YO MECHANIC KO QUALITY THIK CHA,neutral
ma car servicing bata man paryo,positive
ma yo bill bata worth it,positive
yo price ko barema engine bigriyo,negative
malai yo auto workshop thikai lagyo,neutral
parts replacement ko barema kaam adhuro,negative
MALAI MERO CAR CONDITION THIKKAI LAGYO,neutral
worker haru pura satisfied chaina,negative
yo servicing ma careless experience bhayo,negative
Engine condition ma thikai cha,neutral
service time ekdam normal cha,neutral
staff haru lastai worst cha,negative
"yo servicing reliable pani cha, phutyo pani cha",neutral
payment system no response,negative
yo mechanic kaam sakiyo,neutral
engine kaam ko quality average cha,neutral
engine condition ma used parts,negative
ma tyre condition bata ramro lagena,negative
overall experience chitta bujhyo,positive
"yo place ma bhorosilo cha, naramo pani cha",neutral
"BILL AMOUNT MA BABBAL CHA, IGNORED PANI CHA",neutral
customer service ko barema fake parts,negative
CAR SERVICING MAHENGO THIYO TARA EXCELLENT BHAYO,positive
phone response lastai babbal cha,positive
yo mechanic disappointed cha tara babbal cha,positive
yo mechanic shop okay cha,neutral
brake condition lastai thikkai cha,neutral
battery service bigriyo bhaena,positive
yo technician lastai average cha,neutral
service time fast thiyo tara kharab bhayo,negative
malai mero car condition friendly lagyo,positive
service cost lastai bekar chha,negative
malai yo place pathetic lagyo,negative
malai yo technician problem lagyo,negative
billing system lastai samanya cha,neutral
parts quality use garda best feel bhayo,positive
yo price ma santusta experience bhayo,positive
repair cost ma oil change,neutral
mero bike condition use garda okay feel bhayo,neutral
engine repair ma reasonable experience bhayo,positive
yo technician ko quality bigreko cha,negative
mero experience ma average experience bhayo,neutral
malai mero car condition hawa lagena,positive
parts replacement affordable cha,positive
yo mechanic dai expensive cha tara quick cha,positive
customer service use garda normal feel bhayo,neutral
parts quality ko barema feri aauchu,positive
engine kaam ma engine check,neutral
service cost ma sundar experience bhayo,positive
brake condition bigriyo chha tara sahi cha,positive
replacement parts ko barema so so,neutral
ma yo servicing bata just okay,neutral
yo place expensive cha,negative
malai bill amount great lagena,negative
malai brake system raamro lagena,negative
Repair cost use garda thikkai feel bhayo,neutral
PARTS REPLACEMENT MA THIK BHAYO,positive
yo technician dhilo cha,negative
parts replacement ko barema on time,positive
malai waiting time jhanjhat lagyo,negative
yo price dherai hawa lagyo,negative
"payment system ramaro pani cha, bad pani cha",neutral
yo place ko quality thikai cha,neutral
Yo auto workshop ko barema thikai cha,neutral
complaint handling great cha,positive
ma waiting time bata feri aauchu,positive
yo spare parts ekdam pathetic cha,negative
Yo garage satisfied thiyo tara pathetic bhayo,negative
bill amount rubbish chha tara sasto cha,positive
Yo price bhalo chha tara rubbish chha,negative
complaint handling dami cha tara faltu cha,negative
malai payment system nice lagyo,positive
complaint handling dherai prasanna lagyo,positive
yo spare parts ma original parts,positive
parts replacement ma ramro bhayo,positive
brake condition pura fohor chaina,positive
"engine condition ma safa cha, bakwas pani cha",neutral
Yo mechanic dai reasonable cha tara bad cha,negative
yo technician ko barema value for money,positive
engine kaam ko barema smooth cha,positive
parts quality ma thik garena,negative
repair cost quick chaina,negative
customer service professional cha tara worsened cha,negative
battery service ekdam overpriced cha,negative
complaint handling poor thiena,positive
yo mechanic late chaina,positive
malai yo price rubbish lagyo,negative
yo mechanic ma use nagarnu,negative
yo price use garda chitto feel bhayo,positive
support team samanya cha,neutral
vehicle performance smooth cha,positive
vehicle performance dherai sipalu lagyo,positive
yo price ekdam thagi cha,negative
"yo spare parts ma gajjab cha, naramo pani cha",neutral
parts quality dherai thikkai lagyo,neutral
engine repair adhuro thiyo tara good bhayo,positive
battery service use garda normal feel bhayo,neutral
bill amount use garda thik feel bhayo,neutral
billing system duplicate cha tara affordable cha,positive
yo thau faltu thiyo tara prasanna bhayo,positive
MA MERO CAR CONDITION BATA DUPLICATE PARTS,negative
"yo servicing center ma bhorosilo cha, jhanjhat pani cha",neutral
"repair time ma fast cha, adhuro pani cha",neutral
YO SERVICING USED PARTS,negative
parts replacement ko quality dukha cha,negative
yo price lastai great cha,positive
"Yo thau santusta pani cha, luteko pani chha",neutral
YO PRICE LASTAI AVERAGE CHHA,neutral
Engine condition lastai okay cha,neutral
replacement parts ma okay experience bhayo,neutral
malai car servicing average lagyo,neutral
vehicle performance dherai ramaro lagyo,positive
PARTS REPLACEMENT USE GARDA SAMANYA FEEL BHAYO,neutral
ma tyre condition bata top quality,positive
engine repair ko quality reliable cha,positive
yo garage use garda smooth feel bhayo,positive
payment system problem solve bhayo,positive
yo place lastai fraud cha,negative
ma service cost bata just okay,neutral
delivery time ekdam khera cha,negative
parts quality ma highly recommend,positive
yo charge ma thik jasto,neutral
yo mechanic shop average cha,neutral
waiting time dherai average lagyo,neutral
yo servicing ma just okay,neutral
yo bill overpriced thiena,positive
malai yo bill rude lagena,positive
engine repair service bhayo,neutral
engine kaam dhila cha,negative
"parts quality cheap pani cha, jhutho pani cha",neutral
"mero bike condition ma good cha, hawa pani cha",neutral
service time ramro bhayena,negative
waiting time bigriyo thiyo tara sahayogi bhayo,positive
battery service ma low quality,negative
parts replacement ekdam bad cha,negative
yo charge jabardast thiena,negative
parts quality bhalo thiena,negative
ma engine condition bata not recommended,negative
ma engine condition bata problem solve bhayo,positive
phone response ma genuine experience bhayo,positive
staff haru ekdam thikai cha,neutral
maintenance service ramaro chaina,negative
worker haru use garda fohor feel bhayo,negative
parts quality ko barema low quality,negative
yo spare parts ma thik bhayo,positive
yo mechanic shop ko quality bharpardo chha,positive
malai battery service affordable lagena,negative
yo mechanic dai use garda normal feel bhayo,neutral
mero experience ko barema thik bhayo,positive
waiting time mitho thiyo tara dhila bhayo,negative
"REPAIR TIME MA MAJJA CHA, PATHETIC PANI CHA",neutral
phone response bharpardo cha,positive
Mero car condition chitto bhaena,negative
yo bill problem thiena,positive
brake system ma ali thik,neutral
"bike servicing ma awesome cha, mahengo pani cha",neutral
yo workshop ko quality phutyo cha,negative
"bill amount ma satisfied cha, bekar pani cha",neutral
staff haru bhorosa thiyo tara poor bhayo,negative
yo technician dherai thik lagyo,neutral
yo repair service bhalo cha,positive
tyre condition ekdam ignored cha,negative
malai parts quality careless lagena,positive
battery service ma ramro experience bhayo,positive
yo garage bigriyo bhaena,positive
"tyre condition ma nice cha, overpriced pani cha",neutral
Customer service fake thiyo tara raamro bhayo,positive
yo thau ma phutyo experience bhayo,negative
payment system naramro thiyo tara imandar bhayo,positive
brake condition oil change,neutral
yo technician friendly thiyo tara bakwas bhayo,negative
malai yo mechanic shop fake lagena,positive
bike servicing ko barema highly recommend,positive
yo workshop lastai average cha,neutral
engine condition ma honest experience bhayo,positive
yo servicing center bhalo cha tara ignored cha,negative
"yo garage ma quality cha, worst pani cha",neutral
engine condition ko quality thikkai cha,neutral
malai repair time normal lagyo,neutral
"car servicing professional pani cha, terrible pani cha",neutral
yo servicing center lastai mahengo cha,negative
yo thau reasonable cha tara phutyo cha,negative
parts replacement lastai okay cha,neutral
complaint handling risaune thiyo tara mitho bhayo,positive
yo repair service ekdam honest cha,positive
malai mero bike condition imandar lagena,negative
"ENGINE REPAIR CHEAP PANI CHA, RUKSHA PANI CHHA",neutral
malai mero bike condition normal lagyo,neutral
repair cost ruksha cha tara imandar cha,positive
bill amount dhila thiena,positive
ma bill amount bata kaam bhayo,neutral
Malai customer service annoyed lagyo,negative
ma brake condition bata chitta bujhena,negative
malai yo mechanic shop mahengo lagyo,negative
yo bill ruksha cha tara great cha,positive
malai yo bill ok lagyo,neutral
phone response rude thiyo tara best bhayo,positive
yo charge use garda ok feel bhayo,neutral
Engine repair ekdam sifaris cha,positive
malai staff haru useless lagyo,negative
"yo technician affordable pani cha, fake pani cha",neutral
battery service ma asal experience bhayo,positive
yo spare parts kaam adhuro,negative
worker haru ma ramro bhayo,positive
yo servicing center on time,positive
tyre condition awful thiyo tara raamro bhayo,positive
BILL AMOUNT WORTH IT,positive
yo charge ignored thiena,positive
malai billing system lajawab lagyo,positive
overall experience pura delay chaina,positive
yo servicing ma top quality,positive
"bike servicing satisfied pani cha, jhutho pani cha",neutral
repair time bhorosa thiena,negative
ma engine repair bata damage bhayo,negative
payment system imandar cha tara hawa cha,negative
mero car condition dherai jhur lagyo,negative
engine condition thik bhayo,positive
car servicing bakbas bhaena,positive
yo servicing center ma not recommended,negative
yo workshop mast thiena,negative
yo mechanic dai use garda naraamro feel bhayo,negative
malai engine repair affordable lagyo,positive
yo auto workshop bakwas cha,negative
service time use garda recommend feel bhayo,positive
ma payment system bata no response,negative
yo mechanic dai ko quality okay cha,neutral
MALAI REPAIR COST NORMAL LAGYO,neutral
delivery time pura naraamro chaina,positive
delivery time ko quality raddi cha,negative
"phone response badhiya pani cha, slow pani cha",neutral
malai yo garage samanya lagyo,neutral
service time lastai good cha,positive
payment system ma on time,positive
malai mero car condition okay lagyo,neutral
yo charge ma same issue,negative
ma maintenance service bata original parts,positive
Repair time ko quality average cha,neutral
yo thau prasanna thiyo tara useless bhayo,negative
engine repair kaam bhayo,neutral
repair time ko quality ramro cha,positive
billing system no response,negative
"billing system ma professional cha, kharab pani chha",neutral
yo thau lastai excellent cha,positive
PARTS REPLACEMENT PROFESSIONAL THIYO TARA RADDI BHAYO,negative
"worker haru ma nice cha, samasya pani cha",neutral
yo technician dhilo chaina,positive
waiting time ko quality samanya chha,neutral
parts replacement worst cha,negative
complaint handling dherai thikkai lagyo,neutral
Repair cost ma engine bigriyo,negative
yo charge khera chaina,positive
payment system ma ramro lagena,negative
payment system thikai cha,neutral
malai support team ok lagyo,neutral
"Mero car condition badhiya pani cha, annoyed pani cha",neutral
yo thau cheat cha tara lajawab cha,positive
malai yo garage slow lagyo,negative
maintenance service ko quality sifaris cha,positive
"delivery time awesome pani cha, waste pani cha",neutral
parts replacement excellent cha tara phutyo cha,negative
brake condition ma thik garena,negative
mero experience ok cha,neutral
MA YO GARAGE BATA SMOOTH CHA,positive
brake system friendly thiyo tara awful bhayo,negative
YO MECHANIC DAI MA KAAM BHAYO,neutral
yo repair service feri aauchu,positive
malai yo technician cheap lagena,negative
MA ENGINE CONDITION BATA CHITTA BUJHENA,negative
yo garage ma nice experience bhayo,positive
vehicle performance ko barema engine check,neutral
yo place expensive cha tara friendly cha,positive
staff haru majja cha,positive
yo repair service ma kaam sakiyo,neutral
support team ekdam reasonable cha,positive
battery service dherai angry lagyo,negative
ma tyre condition bata extra charge,negative
complaint handling ko quality average cha,neutral
overall experience ekdam thik cha,neutral
yo servicing lastai ok cha,neutral
yo mechanic ma original parts,positive
maintenance service ma nikamma experience bhayo,negative
malai yo mechanic shop mast lagyo,positive
"customer service ma sundar cha, terrible pani cha",neutral
yo garage ko quality thikai cha,neutral
yo place ko quality samanya cha,neutral
yo thau thikai cha,neutral
engine condition ma ramro lagyo,positive
yo charge duplicate parts,negative
yo charge lastai okay cha,neutral
repair time ma thik jasto,neutral
yo place dherai samanya lagyo,neutral
MERO BIKE CONDITION PURA SMOOTH CHAINA,negative
bill amount ma disappointed experience bhayo,negative
phone response use garda average feel bhayo,neutral
yo servicing ko barema chitta bujhyo,positive
bill amount samanya cha,neutral
replacement parts ko quality naraamro cha,negative
MA BILL AMOUNT BATA ENGINE CHECK,neutral
"parts replacement ma jabardast cha, nikamma pani cha",neutral
maintenance service lastai mahango cha,negative
"mero experience ma sahyog cha, delay pani cha",neutral
yo mechanic shop thikai cha,neutral
yo repair service lastai samasya chha,negative
malai engine condition lajawab lagyo,positive
Malai battery service careless lagena,positive
malai phone response nice lagena,negative
tyre condition ma okay experience bhayo,neutral
REPLACEMENT PARTS KO QUALITY RISAUNE CHA,negative
malai service time average lagyo,neutral
overall experience thik cha,neutral
"phone response good pani cha, careless pani cha",neutral
ma brake condition bata ramro lagena,negative
overall experience lajawab thiyo tara bigriyo bhayo,negative
Service time pura quick chaina,negative
"yo workshop ma jabardast cha, faltu pani cha",neutral
engine kaam ma ghatiya experience bhayo,negative
parts quality ma just okay,neutral
BILL AMOUNT OVERPRICED CHA,negative
engine condition nice thiena,negative
ma brake system bata chitta bujhyo,positive
YO SERVICING ENGINE CHECK,neutral
mero experience nice cha,positive
mero bike condition dhilo chaina,positive
"battery service durable pani cha, jhanjhat pani cha",neutral
yo place use garda smooth feel bhayo,positive
"service time ma sahayogi cha, rubbish pani cha",neutral
yo servicing ko quality average cha,neutral
malai tyre condition thikai lagyo,neutral
repair time ma low quality,negative
bill amount ekdam nice cha,positive
billing system ekdam honest cha,positive
MA PARTS QUALITY BATA KAAM SAKIYO,neutral
yo charge lastai average cha,neutral
parts replacement dherai thikkai lagyo,neutral
ma replacement parts bata use nagarnu,negative
ma replacement parts bata feri aauchu,positive
"overall experience dhanyabad pani cha, mahango pani cha",neutral
overall experience ma so so,neutral
yo thau ma ok experience bhayo,neutral
yo servicing smooth thiena,negative
yo spare parts ma affordable experience bhayo,positive
yo place bigriyo cha,negative
service time avoid garnu,negative
malai yo spare parts average lagyo,neutral
YO PLACE KO BAREMA WORTH IT,positive
ma yo bill bata kaam bhayo,neutral
tyre condition ko quality awesome cha,positive
yo spare parts dherai hawa lagyo,negative
overall experience naramo thiyo tara sifaris bhayo,positive
Brake condition friendly thiyo tara duplicate bhayo,negative
"yo mechanic dai ma lajawab cha, chor pani chha",neutral
yo thau affordable cha,positive
yo auto workshop ko quality sahi cha,positive
service time ma average experience bhayo,neutral
repair cost ma service bhayo,neutral
yo price lastai thikkai cha,neutral
yo workshop lastai rude cha,negative
maintenance service fraud bhaena,positive
mero bike condition use garda thikkai feel bhayo,neutral
engine condition ko quality waste cha,negative
service time professional chha tara poor cha,negative
yo price ma satisfied chaina,negative
engine repair santusta cha,positive
delivery time durable cha,positive
malai yo repair service average lagyo,neutral
"yo auto workshop sahayogi pani cha, expensive pani chha",neutral
ma waiting time bata ramro bhayo,positive
"battery service ramro pani cha, phutyo pani cha",neutral
Battery service ko quality helpful cha,positive
payment system dherai thik lagyo,neutral
Engine condition ma thikkai experience bhayo,neutral
"mero car condition ma khusi cha, dhokha pani cha",neutral
payment system ramrari bhaena,negative
ma yo servicing center bata kaam sakiyo,neutral
YO SPARE PARTS AVERAGE CHA,neutral
ma delivery time bata purano parts,negative
overall experience recommend cha tara thag cha,negative
billing system lastai excellent cha,positive
Yo auto workshop lastai thikai cha,neutral
delivery time bhorosa thiyo tara galti bhayo,negative
vehicle performance sahyog cha,positive
malai worker haru thikai lagyo,neutral
maintenance service chor thiyo tara great bhayo,positive
yo repair service bakbas cha tara cheap cha,positive
delivery time ekdam disappointed cha,negative
yo charge ekdam samanya cha,neutral
mero experience unprofessional thiyo tara nice bhayo,positive
yo servicing service bhayo,neutral
"tyre condition ma cheap cha, dhokha pani cha",neutral
replacement parts ko barema highly recommend,positive
yo bill good cha tara annoyed cha,negative
mero bike condition kaam bhayo,neutral
yo servicing center ma so so,neutral
car servicing ko quality bigreko cha,negative
vehicle performance awesome thiyo tara samasya bhayo,negative
yo spare parts pura phutyo chaina,positive
billing system ko barema chitta bujhyo,positive
"maintenance service professional pani cha, bigriyo pani cha",neutral
phone response duplicate thiyo tara imandar bhayo,positive
mero experience ma kaam sakiyo,neutral
yo workshop good bhaena,negative
malai complaint handling ok lagyo,neutral
vehicle performance ekdam dhilo cha,negative
overall experience ma service bhayo,neutral
bike servicing chor chha tara jabardast cha,positive
mero car condition thikai cha,neutral
repair time ekdam dami cha,positive
engine kaam service bhayo,neutral
maintenance service rude thiena,positive
yo spare parts ekdam sasto cha,positive
yo price service bhayo,neutral
"yo servicing nice pani cha, jhyau pani chha",neutral
yo mechanic dukha cha,negative
"yo mechanic ma badhiya cha, annoyed pani cha",neutral
mero bike condition raddi cha tara majja cha,positive
engine repair dhanyabad chaina,negative
delivery time lastai naraamro cha,negative
"service cost ma ramrari cha, fraud pani cha",neutral
yo auto workshop waste cha tara khusi cha,positive
bill amount smooth chaina,negative
phone response ko barema oil change,neutral
REPAIR COST REASONABLE CHA TARA ANGRY CHA,negative
engine condition perfect thiyo tara fake bhayo,negative
replacement parts ko barema thik jasto,neutral
malai engine condition overpriced lagyo,negative
customer service awful thiyo tara sundar bhayo,positive
yo mechanic shop ekdam raamro cha,positive
malai engine kaam mast lagyo,positive
yo auto workshop use garda frustrated feel bhayo,negative
Malai yo mechanic asal lagyo,positive
brake system cheap bhaena,negative
worker haru ekdam naramro cha,negative
overall experience ma kaam bhayo,neutral
parts replacement highly recommend,positive
customer service ma thik bhayo,positive
CAR SERVICING KO BAREMA VALUE FOR MONEY,positive
MALAI ENGINE REPAIR NARAMRO LAGYO,negative
vehicle performance ko barema feri aauchu,positive
maintenance service terrible bhaena,positive
Yo spare parts ko quality best cha,positive
engine kaam ok cha,neutral
tyre condition dherai thik lagyo,neutral
yo price pura smooth chaina,negative
yo place ma raddi experience bhayo,negative
yo servicing center pura late chaina,positive
yo mechanic shop worth it,positive
billing system ekdam average cha,neutral
yo technician ma jhur experience bhayo,negative
support team ko quality frustrated cha,negative
"support team ma nice cha, bekar pani cha",neutral
waiting time ma service bhayo,neutral
replacement parts lastai average cha,neutral
Malai yo price great lagena,negative
parts replacement so so,neutral
parts replacement dherai rude lagyo,negative
overall experience lastai normal cha,neutral
yo garage ma thik bhayo,positive
mero bike condition ko quality friendly cha,positive
yo mechanic ko quality samanya cha,neutral
parts replacement hawa cha tara honest cha,positive
mero bike condition service bhayo,neutral
yo repair service use garda naramro feel bhayo,negative
YO SERVICING MA ORIGINAL PARTS,positive
bike servicing ok cha,neutral
mero bike condition use garda terrible feel bhayo,negative
bike servicing use garda bigriyo feel bhayo,negative
parts replacement ko barema just okay,neutral
MAINTENANCE SERVICE LASTAI THAG CHA,negative
yo bill ko barema extra charge,negative
service cost mitho chaina,negative
yo spare parts ma awful experience bhayo,negative
support team pura ignored chaina,positive
phone response majja thiyo tara thagi bhayo,negative
replacement parts use garda thik feel bhayo,neutral
brake condition ma waste of money,negative
yo servicing pura overpriced chaina,positive
overall experience ekdam normal cha,neutral
"brake system ma satisfied cha, damage pani cha",neutral
mero bike condition ko barema oil change,neutral
mero bike condition ma scam experience bhayo,negative
repair cost pura jhanjhat chaina,positive
brake system jhyau cha,negative
Yo mechanic shop sifaris thiyo tara dhila bhayo,negative
service cost ma happy experience bhayo,positive
ma service cost bata no response,negative
car servicing dherai thikai lagyo,neutral
mero car condition ma value for money,positive
repair cost pura late chaina,positive
malai tyre condition bakbas lagena,positive
brake condition ko barema kaam sakiyo,neutral
overall experience use garda bad feel bhayo,negative
car servicing thikai chha,neutral
yo charge ma man paryo,positive
yo repair service bad thiena,positive
yo thau lastai average cha,neutral
billing system ekdam pathetic cha,negative
"yo charge bhorosa pani cha, pathetic pani cha",neutral
bike servicing dherai good lagyo,positive
malai replacement parts fast lagyo,positive
replacement parts ko quality sahayogi cha,positive
support team recommend cha tara awful cha,negative
malai yo technician ramrari lagyo,positive
SERVICE TIME WORTH IT,positive
ma mero bike condition bata ramro bhayo,positive
payment system ma naraamro experience bhayo,negative
brake system ma smooth cha,positive
"yo mechanic dai ma babbal cha, jhyau pani cha",neutral
Yo garage chitta bujhena,negative
worker haru ko quality delay cha,negative
ENGINE KAAM THIKKAI CHA,neutral
engine repair chitta bujhena,negative
repair time affordable thiyo tara worst bhayo,negative
yo servicing center ko quality thikai cha,neutral
waiting time lastai khera cha,negative
yo mechanic dai ko barema ramro bhayo,positive
ma engine condition bata kaam bhayo,neutral
brake condition okay cha,neutral
yo price use garda average feel bhayo,neutral
malai tyre condition good lagyo,positive
"MAINTENANCE SERVICE RAMARO PANI CHA, RADDI PANI CHHA",neutral
yo technician dherai chor lagyo,negative
yo thau dherai imandar lagyo,positive
engine kaam ma normal experience bhayo,neutral
replacement parts thikai cha,neutral
"yo charge babbal pani cha, fraud pani cha",neutral
malai phone response fast lagena,negative
"Yo workshop ma quick cha, jhyau pani cha",neutral
support team ma late experience bhayo,negative
STAFF HARU LASTAI OK CHHA,neutral
"bike servicing ma fast cha, slow pani cha",neutral
staff haru use garda fake feel bhayo,negative
replacement parts ma oil change,neutral
DELIVERY TIME USE GARDA THIK FEEL BHAYO,neutral
payment system ma average experience bhayo,neutral
yo mechanic shop ko barema service bhayo,neutral
Brake system careless chaina,positive
yo spare parts duplicate parts,negative
yo price dhila thiyo tara sahayogi bhayo,positive
mero car condition ok cha,neutral
service time lastai thik cha,neutral
complaint handling bigreko cha tara satisfied cha,positive
service time ma bhorosilo experience bhayo,positive
yo workshop ekdam majja cha,positive
complaint handling jhur bhaena,positive
YO TECHNICIAN MA PAISA KHERA,negative
yo servicing center engine check,neutral
ma yo mechanic bata fake parts,negative
battery service ko quality kharab cha,negative
service time ghatiya thiyo tara majja bhayo,positive
yo mechanic unprofessional cha tara asal cha,positive
car servicing ko barema man parena,negative
malai yo auto workshop bakwas lagena,positive
staff haru ekdam babbal cha,positive
billing system nice cha,positive
yo mechanic dai great chaina,negative
ma support team bata no response,negative
"engine kaam badhiya pani cha, adhuro pani cha",neutral
yo place lastai normal cha,neutral
battery service thag cha tara fast cha,positive
"yo servicing ma perfect cha, bakbas pani cha",neutral
yo servicing center use garda recommend feel bhayo,positive
vehicle performance kaam bhayo,neutral
yo repair service bakwas chaina,positive
yo auto workshop ma man paryo,positive
yo spare parts bhorosa cha tara worsened cha,negative
"yo servicing ramaro pani cha, raddi pani cha",neutral
"MERO BIKE CONDITION MA QUALITY CHA, SAMASYA PANI CHA",neutral
delivery time pura problem chaina,positive
"mero experience ma honest cha, nikamma pani cha",neutral
"overall experience genuine pani cha, naraamro pani cha",neutral
yo bill pura naramo chaina,positive
malai payment system prasanna lagyo,positive
yo place ko barema use nagarnu,negative
yo mechanic shop cheat cha,negative
yo mechanic ko barema kaam bhayo,neutral
mero car condition ma sahyog experience bhayo,positive
malai repair time sahayogi lagena,negative
Ma service time bata man paryo,positive
MERO CAR CONDITION KO QUALITY PATHETIC CHA,negative
repair cost pura bigreko chaina,positive
battery service great thiena,negative
mero bike condition ekdam khera cha,negative
MALAI YO TECHNICIAN RECOMMEND LAGENA,negative
mero car condition dherai ramaro lagyo,positive
vehicle performance ekdam raddi cha,negative
ma yo spare parts bata service bhayo,neutral
Overall experience lastai rubbish cha,negative
Service cost nikamma cha tara good cha,positive
"staff haru ma sipalu cha, worst pani cha",neutral
brake condition lastai naramo cha,negative
delivery time ma ramrari experience bhayo,positive
CAR SERVICING DUPLICATE BHAENA,positive
brake system ko barema ramro lagyo,positive
YO PRICE MA ENGINE CHECK,neutral
ma support team bata man paryo,positive
car servicing ekdam reliable cha,positive
malai engine kaam satisfied lagyo,positive
"staff haru ma reasonable cha, worst pani cha",neutral
replacement parts ko quality bigriyo cha,negative
malai yo bill terrible lagena,positive
yo bill dherai jhanjhat lagyo,negative
bill amount dherai average lagyo,neutral
yo place jhutho chaina,positive
yo workshop ekdam khusi cha,positive
customer service ko barema thikai cha,neutral
yo price ma dukha experience bhayo,negative
"yo mechanic babbal pani cha, naramro pani cha",neutral
overall experience galti bhaena,positive
staff haru ma ramro bhayo,positive
Yo place damage cha tara excellent cha,positive
maintenance service scam bhaena,positive
yo thau ko quality samanya cha,neutral
car servicing ramrari thiyo tara delay bhayo,negative
yo repair service ma raddi experience bhayo,negative
mero experience naraamro cha tara gajjab chha,positive
mero car condition ko quality jhur cha,negative
staff haru ko barema worth it,positive
phone response samasya cha tara asal cha,positive
waiting time ko quality bharpardo cha,positive
repair time ramrari cha,positive
yo garage rude thiyo tara raamro bhayo,positive
ma payment system bata avoid garnu,negative
YO MECHANIC LAJAWAB THIYO TARA LATE BHAYO,negative
mero experience ma thagi experience bhayo,negative
ENGINE REPAIR USE GARDA JHANJHAT FEEL BHAYO,negative
payment system use garda khera feel bhayo,negative
billing system dherai thikai lagyo,neutral
yo mechanic ma okay experience bhayo,neutral
yo price use garda recommend feel bhayo,positive
"mero car condition ma babbal cha, terrible pani cha",neutral
worker haru ekdam awful cha,negative
yo bill ekdam gajjab cha,positive
yo technician dherai okay lagyo,neutral
mero bike condition ma problem solve bhayo,positive
engine condition ko barema top quality,positive
"parts quality good pani cha, frustrated pani cha",neutral
ma engine kaam bata paisa khera,negative
mero experience affordable chha,positive
ma yo repair service bata feri aauchu,positive
ma vehicle performance bata purano parts,negative
waiting time ma oil change,neutral
maintenance service ko barema thik bhayo,positive
yo thau prasanna thiyo tara expensive bhayo,negative
yo mechanic dai dherai dhila lagyo,negative
tyre condition santusta cha tara poor cha,negative
yo repair service ma ok experience bhayo,neutral
bike servicing ko barema avoid garnu,negative
malai repair time unprofessional lagena,positive
yo garage use garda prasanna feel bhayo,positive
ENGINE CONDITION NARAAMRO CHAINA,positive
Bike servicing dherai ramrari lagyo,positive
service time excellent cha tara galti cha,negative
bike servicing highly recommend,positive
engine condition disappointed thiyo tara fast bhayo,positive
"yo repair service honest pani cha, naraamro pani chha",neutral
malai yo charge smooth lagena,negative
waiting time ma ramro lagena,negative
yo thau ko barema no response,negative
malai mero experience khusi lagyo,positive
Ma payment system bata on time,positive
repair time use garda late feel bhayo,negative
yo charge use garda thikai feel bhayo,neutral
yo thau jhutho thiyo tara dami bhayo,positive
yo servicing center slow thiyo tara durable bhayo,positive
malai brake system ok lagyo,neutral
YO TECHNICIAN PATHETIC CHA,negative
yo repair service ma best experience bhayo,positive
malai yo place majja lagyo,positive
parts replacement awesome bhaena,negative
SERVICE COST RAAMRO THIYO TARA FRAUD BHAYO,negative
MERO EXPERIENCE USE GARDA FRIENDLY FEEL BHAYO,positive
service time ko barema worth it,positive
waiting time expensive chaina,positive
"payment system ma ramro cha, naramo pani cha",neutral
yo mechanic dai pura ramrari chaina,negative
"yo bill prasanna pani cha, bakwas pani cha",neutral
phone response mahengo chaina,positive
staff haru late thiena,positive
ma yo place bata just okay,neutral
tyre condition kharab cha tara durable cha,positive
parts replacement ko quality angry chha,negative
car servicing use garda ok feel bhayo,neutral
support team ma thik experience bhayo,neutral
complaint handling dhilo thiena,positive
tyre condition use garda angry feel bhayo,negative
yo spare parts nikamma cha,negative
overall experience ma ali thik,neutral
worker haru raddi thiyo tara bhorosa bhayo,positive
ma yo auto workshop bata ali thik,neutral
yo bill thik jasto,neutral
billing system ma feri aauchu,positive
customer service raamro cha tara awful cha,negative
"yo charge ma cheap cha, bigreko pani cha",neutral
"bill amount ma great cha, useless pani cha",neutral
engine repair sasto cha tara annoyed cha,negative
yo charge jhanjhat thiyo tara sahyog bhayo,positive
Ma yo technician bata raamro bhayo,positive
yo technician ma waste of money,negative
yo mechanic shop use garda normal feel bhayo,neutral
yo thau ko barema original parts,positive
yo price use garda annoyed feel bhayo,negative
mero car condition dherai babbal lagyo,positive
malai worker haru ramro lagyo,positive
DELIVERY TIME PURANO PARTS,negative
yo technician sifaris thiyo tara angry bhayo,negative
yo servicing ma low quality,negative
payment system ma fast experience bhayo,positive
yo repair service use garda thikkai feel bhayo,neutral
WORKER HARU NORMAL CHA,neutral
replacement parts ko barema just okay,neutral
"repair time ma honest cha, naramo pani cha",neutral
malai yo price prasanna lagyo,positive
yo servicing center lastai sasto cha,positive
customer service jhutho cha,negative
mero experience ma ramro lagena,negative
ma yo mechanic dai bata waste of money,negative
yo mechanic ma kharab experience bhayo,negative
yo bill lastai bakbas cha,negative
bike servicing cheat cha,negative
vehicle performance use garda bhalo feel bhayo,positive
waiting time ekdam okay cha,neutral
BIKE SERVICING KO BAREMA KAAM BHAYO,neutral
service cost ma reasonable experience bhayo,positive
Yo workshop ma happy experience bhayo,positive
tyre condition use garda good feel bhayo,positive
yo mechanic ma engine bigriyo,negative
vehicle performance lastai raamro cha,positive
"bike servicing perfect pani cha, risaune pani cha",neutral
DELIVERY TIME KO BAREMA TOP QUALITY,positive
car servicing just okay,neutral
billing system mahengo bhaena,positive
mero experience lastai perfect cha,positive
yo charge ko barema never again,negative
brake condition bhorosilo cha,positive
MA COMPLAINT HANDLING BATA ENGINE CHECK,neutral
"YO PLACE MA PROFESSIONAL CHA, ADHURO PANI CHA",neutral
yo mechanic shop ko barema thikai cha,neutral
payment system dherai okay lagyo,neutral
"Yo bill ma lajawab cha, jhutho pani cha",neutral
mero car condition ma thik jasto,neutral
yo charge ekdam dami cha,positive
yo mechanic ko barema oil change,neutral
malai maintenance service normal lagyo,neutral
maintenance service ekdam thikai cha,neutral
yo bill sahyog cha,positive
engine repair original parts,positive
"replacement parts ma professional cha, jhyau pani cha",neutral
yo workshop ma kaam sakiyo,neutral
"delivery time quality pani cha, expensive pani cha",neutral
ma parts quality bata oil change,neutral
ma parts replacement bata problem solve bhayo,positive
service time dami chaina,negative
SERVICE TIME HAWA CHA TARA KHUSI CHA,positive
engine kaam pura friendly chaina,negative
worker haru dherai thikkai lagyo,neutral
yo technician never again,negative
repair cost ekdam cheat cha,negative
yo spare parts use garda thik feel bhayo,neutral
ma yo servicing bata ramro bhayo,positive
tyre condition ko quality naramro cha,negative
yo spare parts ko barema ramro lagyo,positive
yo mechanic dai ma engine bigriyo,negative
malai brake system dami lagyo,positive
"vehicle performance ma ramrari cha, worsened pani cha",neutral
waiting time sahayogi thiyo tara fake bhayo,negative
billing system use garda mahengo feel bhayo,negative
mero bike condition ekdam mitho cha,positive
delivery time use garda awesome feel bhayo,positive
engine kaam bhorosilo chha tara nikamma cha,negative
engine condition nikamma chaina,positive
engine condition ko barema engine bigriyo,negative
service cost ma man paryo,positive
BILL AMOUNT MA VALUE FOR MONEY,positive
delivery time lastai thik cha,neutral
waiting time reliable cha,positive
ENGINE KAAM ALI THIK,neutral
staff haru majja thiyo tara angry bhayo,negative
replacement parts lastai thikkai chha,neutral
yo servicing center kharab bhaena,positive
PARTS REPLACEMENT LUTEKO THIYO TARA SATISFIED BHAYO,positive
yo mechanic shop ma thikai experience bhayo,neutral
yo mechanic ko barema smooth cha,positive
payment system ko barema satisfied chaina,negative
brake condition lastai ok chha,neutral
yo workshop lastai thik cha,neutral
BILL AMOUNT MA POOR EXPERIENCE BHAYO,negative
parts quality ma original parts,positive
MERO BIKE CONDITION MA BIGREKO EXPERIENCE BHAYO,negative
maintenance service ko quality sipalu cha,positive
maintenance service ekdam samasya cha,negative
"maintenance service bhalo pani cha, duplicate pani cha",neutral
engine kaam ko quality naraamro cha,negative
engine condition naraamro thiena,positive
staff haru risaune cha,negative
"engine repair good pani cha, awful pani cha",neutral
parts replacement dherai ramaro lagyo,positive
repair cost rubbish cha tara asal cha,positive
mero car condition dherai average lagyo,neutral
"brake system ma badhiya cha, adhuro pani cha",neutral
ma customer service bata kaam sakiyo,neutral
engine kaam bakbas chaina,positive
support team ekdam santusta cha,positive
mero experience ma top quality,positive
waiting time ma bad experience bhayo,negative
"service cost ma mitho cha, useless pani cha",neutral
PARTS QUALITY KO QUALITY CARELESS CHA,negative
YO SERVICING BAD CHA TARA SIPALU CHA,positive
yo mechanic ekdam professional cha,positive
"payment system majja pani cha, careless pani cha",neutral
MA MAINTENANCE SERVICE BATA RAMRO BHAYENA,negative
Engine repair ramaro cha tara problem cha,negative
ma mero car condition bata just okay,neutral
"parts replacement reasonable pani cha, slow pani cha",neutral
staff haru ma purano parts,negative
"vehicle performance ma bhalo cha, angry pani cha",neutral
parts quality ko barema kaam sakiyo,neutral
yo price use garda thikai feel bhayo,neutral
yo garage useless cha tara smooth cha,positive
service time normal chha,neutral
parts quality hawa cha,negative
mero bike condition bhalo chaina,negative
"yo workshop ma quality cha, slow pani cha",neutral
mero experience average cha,neutral
yo thau ekdam bigriyo cha,negative
"car servicing ma awesome cha, mahango pani cha",neutral
ma overall experience bata worth it,positive
malai replacement parts delay lagyo,negative
waiting time ekdam cheat cha,negative
engine repair ko barema recommend gardina,negative
"bill amount friendly pani cha, bad pani cha",neutral
ma brake system bata on time,positive
support team use garda satisfied feel bhayo,positive
yo mechanic dai safa thiena,negative
ma support team bata problem solve bhayo,positive
customer service use garda thik feel bhayo,neutral
engine condition duplicate parts,negative
waiting time ma sahi experience bhayo,positive
phone response ekdam genuine cha,positive
complaint handling ekdam bhorosilo cha,positive
ma brake condition bata recommend gardina,negative
malai service cost average lagyo,neutral
BRAKE SYSTEM RAMRO CHA,positive
yo workshop ko barema oil change,neutral
billing system quality thiyo tara bad bhayo,negative
MERO EXPERIENCE EKDAM MAHENGO CHA,negative
complaint handling dherai samanya lagyo,neutral
"yo servicing ma prasanna cha, delay pani cha",neutral
ma overall experience bata so so,neutral
"engine repair ma ramro cha, ghatiya pani chha",neutral
bike servicing lastai normal cha,neutral
ma yo spare parts bata paisa khera,negative
yo servicing center use garda cheap feel bhayo,positive
yo mechanic perfect cha,positive
malai complaint handling expensive lagyo,negative
yo mechanic dai use garda okay feel bhayo,neutral
yo charge lastai nikamma cha,negative
battery service dherai thikai lagyo,neutral
"yo spare parts ma quality cha, unprofessional pani cha",neutral
"service time ma bhorosilo cha, poor pani cha",neutral
brake system ma kaam adhuro,negative
engine kaam use garda honest feel bhayo,positive
worker haru ma santusta experience bhayo,positive
malai worker haru thik lagyo,neutral
battery service ma ghatiya experience bhayo,negative
bike servicing dherai sundar lagyo,positive
yo charge ma average experience bhayo,neutral
billing system dherai ok lagyo,neutral
"yo place ma mitho cha, khera pani cha",neutral
mero experience pura imandar chaina,negative
yo thau dherai samanya lagyo,neutral
tyre condition kharab bhaena,positive
yo place ma ruksha experience bhayo,negative
engine condition lastai jhutho cha,negative
replacement parts kaam sakiyo,neutral
"vehicle performance khusi pani cha, naramro pani cha",neutral
Car servicing naramo cha,negative
malai mero bike condition reliable lagyo,positive
delivery time pura rude chaina,positive
yo place ma samanya experience bhayo,neutral
parts quality professional cha,positive
repair time use garda sifaris feel bhayo,positive
SUPPORT TEAM KO BAREMA LOW QUALITY,negative
yo mechanic sahayogi thiyo tara mahango bhayo,negative
phone response bigreko chaina,positive
"brake system ma raamro cha, pathetic pani cha",neutral
ma yo mechanic shop bata ramro lagena,negative
overall experience ko barema kaam adhuro,negative
yo auto workshop reasonable cha tara phutyo cha,negative
repair time ko barema thik jasto,neutral
engine condition purano parts,negative
yo repair service adhuro thiyo tara bhorosilo bhayo,positive
malai yo mechanic shop naraamro lagyo,negative
MA YO WORKSHOP BATA PROBLEM SOLVE BHAYO,positive
support team awful cha tara durable cha,positive
bike servicing ko barema ali thik,neutral
ma maintenance service bata worth it,positive
mero car condition ko barema top quality,positive
MALAI BRAKE SYSTEM RUKSHA LAGYO,negative
yo mechanic dai thikkai cha,neutral
malai engine condition samanya lagyo,neutral
"repair time ma reasonable cha, raddi pani cha",neutral
repair time professional bhaena,negative
ma parts quality bata kaam adhuro,negative
ma mero experience bata just okay,neutral
CUSTOMER SERVICE SAFA CHA TARA SLOW CHA,negative
mero bike condition ko quality helpful cha,positive
yo workshop samanya cha,neutral
complaint handling ruksha thiyo tara sifaris bhayo,positive
yo charge dherai overpriced lagyo,negative
complaint handling ma jhutho experience bhayo,negative
repair time cheap thiyo tara jhur bhayo,negative
service time ekdam worsened cha,negative
ma yo auto workshop bata recommend gardina,negative
overall experience ma normal experience bhayo,neutral
yo bill ruksha cha,negative
malai yo garage khusi lagyo,positive
overall experience genuine cha tara dhokha cha,negative
Bike servicing bhorosa cha,positive
service cost mahengo chaina,positive
battery service use garda bad feel bhayo,negative
phone response use garda rubbish feel bhayo,negative
yo repair service dhokha chaina,positive
yo price dherai samanya lagyo,neutral
yo repair service lastai naramo cha,negative
malai engine repair bhorosilo lagyo,positive
overall experience reasonable thiyo tara angry bhayo,negative
malai service cost duplicate lagena,positive
parts quality ko barema oil change,neutral
brake system careless thiena,positive
yo spare parts thikai cha,neutral
yo charge lastai samanya cha,neutral
engine repair dherai reasonable lagyo,positive
vehicle performance ko quality thikai cha,neutral
waiting time pura quick chaina,negative
yo thau friendly bhaena,negative
worker haru ko quality ruksha cha,negative
mero car condition ma awesome experience bhayo,positive
yo mechanic dai dherai best lagyo,positive
yo servicing center friendly cha tara nikamma cha,negative
"tyre condition ma sipalu cha, awful pani cha",neutral
"overall experience ma jabardast cha, jhanjhat pani cha",neutral
yo charge ma ramro experience bhayo,positive
phone response use garda normal feel bhayo,neutral
customer service excellent thiyo tara fraud bhayo,negative
"yo spare parts ma happy cha, nikamma pani chha",neutral
maintenance service use garda average feel bhayo,neutral
YO BILL MAJJA BHAENA,negative
replacement parts ko barema service bhayo,neutral
service time lastai samanya cha,neutral
yo servicing lajawab thiyo tara bad bhayo,negative
complaint handling satisfied chaina,negative
staff haru galti bhaena,positive
mero experience ma engine check,neutral
mero car condition ekdam samanya cha,neutral
yo spare parts dherai bhorosilo lagyo,positive
staff haru ma oil change,neutral
mero car condition ko barema kaam adhuro,negative
maintenance service sahi cha tara cheat chha,negative
yo garage dherai terrible lagyo,negative
yo mechanic shop dherai duplicate lagyo,negative
brake condition dherai dami lagyo,positive
yo garage chor thiyo tara ramro bhayo,positive
yo thau ma thikkai experience bhayo,neutral
bill amount normal cha,neutral
"overall experience durable pani cha, mahango pani chha",neutral
YO SPARE PARTS USE GARDA TERRIBLE FEEL BHAYO,negative
tyre condition adhuro bhaena,positive
Yo workshop ramaro cha tara worst cha,negative
yo mechanic dai ko barema thikai cha,neutral
parts replacement ekdam ok cha,neutral
yo repair service ma mahango experience bhayo,negative
BATTERY SERVICE LASTAI SAMANYA CHHA,neutral
yo workshop ko barema kaam adhuro,negative
waiting time rude cha tara raamro cha,positive
yo garage ko quality normal cha,neutral
mero experience dherai ruksha lagyo,negative
brake condition ko barema use nagarnu,negative
ma yo thau bata engine check,neutral
car servicing imandar thiena,negative
yo mechanic shop ekdam samanya cha,neutral
"yo servicing center ramaro pani cha, rubbish pani cha",neutral
mero car condition use garda useless feel bhayo,negative
yo thau ma ramro bhayo,positive
bill amount okay chha,neutral
phone response thikai cha,neutral
yo thau ko barema engine check,neutral
Yo servicing durable thiyo tara galti bhayo,negative
yo charge ma ok experience bhayo,neutral
yo servicing center ekdam average chha,neutral
mero bike condition use garda luteko feel bhayo,negative
malai yo technician problem lagena,positive
Yo servicing center unprofessional bhaena,positive
billing system lastai galti cha,negative
ma bill amount bata so so,neutral
vehicle performance lastai badhiya cha,positive
REPLACEMENT PARTS AVOID GARNU,negative
phone response ramro bhayena,negative
waiting time use garda rubbish feel bhayo,negative
parts quality ko quality ignored cha,negative
yo garage use garda useless feel bhayo,negative
MA BATTERY SERVICE BATA THIK BHAYO,positive
bill amount ma normal experience bhayo,neutral
yo repair service ekdam disappointed cha,negative
yo mechanic shop ekdam jabardast cha,positive
yo bill bekar cha tara genuine cha,positive
Repair time asal bhaena,negative
service time ekdam jhanjhat cha,negative
BRAKE SYSTEM MA OK EXPERIENCE BHAYO,neutral
yo technician awesome bhaena,negative
ma yo spare parts bata ramro lagyo,positive
bill amount thik bhayo,positive
MALAI YO BILL MAHENGO LAGYO,negative
service cost pura cheat chaina,positive
BILL AMOUNT MA THIKKAI EXPERIENCE BHAYO,neutral
bike servicing awful chaina,positive
"vehicle performance ma professional cha, naraamro pani cha",neutral
brake system lastai bakbas cha,negative
maintenance service ko barema kaam bhayo,neutral
Brake system ma chitta bujhyo,positive
payment system ma thik experience bhayo,neutral
parts quality ekdam awful cha,negative
ma bike servicing bata thik bhayo,positive
yo auto workshop ko barema duplicate parts,negative
worker haru ma just okay,neutral
customer service thagi cha tara bharpardo cha,positive
malai yo bill bakbas lagyo,negative
yo charge dherai kharab lagyo,negative
"Replacement parts recommend pani cha, raddi pani cha",neutral
yo repair service naraamro cha tara friendly chha,positive
car servicing bakwas cha,negative
ma yo auto workshop bata not recommended,negative
complaint handling use garda recommend feel bhayo,positive
ma service time bata thikai cha,neutral
ma yo place bata so so,neutral
support team gajjab cha tara damage cha,negative
customer service ma smooth cha,positive
battery service ma fake parts,negative
yo garage mahengo thiena,positive
SERVICE TIME BADHIYA BHAENA,negative
yo price highly recommend,positive
parts quality jhanjhat cha,negative
ENGINE KAAM KO BAREMA VALUE FOR MONEY,positive
tyre condition worsened cha tara sipalu cha,positive
Payment system prasanna cha tara naraamro cha,negative
parts quality dherai sahi lagyo,positive
malai yo servicing center babbal lagena,negative
ma maintenance service bata kaam adhuro,negative
yo servicing center overpriced cha tara khusi cha,positive
"repair time ma sahayogi cha, rude pani cha",neutral
malai waiting time average lagyo,neutral
yo workshop ekdam dhokha cha,negative
parts replacement ma highly recommend,positive
repair time ma fake parts,negative
yo workshop ma ali thik,neutral
BRAKE SYSTEM KO BAREMA SERVICE BHAYO,neutral
Ma yo workshop bata original parts,positive
customer service dherai perfect lagyo,positive
yo technician man paryo,positive
YO REPAIR SERVICE KO QUALITY ADHURO CHA,negative
engine condition dherai bharpardo lagyo,positive
service time ma sipalu experience bhayo,positive
bill amount ma samanya experience bhayo,neutral
engine kaam use garda dhanyabad feel bhayo,positive
mero experience ma used parts,negative
phone response ma mahengo experience bhayo,negative
engine repair ekdam lajawab cha,positive
yo thau ramrari cha,positive
"mero bike condition ma ramaro cha, adhuro pani cha",neutral
yo spare parts worst thiena,positive
replacement parts dherai smooth lagyo,positive
repair time recommend cha tara fraud cha,negative
brake system ma good experience bhayo,positive
yo mechanic pura bharpardo chaina,negative
yo mechanic jhyau thiyo tara jabardast bhayo,positive
support team man paryo,positive
delivery time gajjab thiena,negative
yo servicing center dherai durable lagyo,positive
TYRE CONDITION SMOOTH CHA TARA FAKE CHA,negative
ma waiting time bata chitta bujhyo,positive
brake system durable thiyo tara mahengo bhayo,negative
support team mahango chaina,positive
engine kaam ekdam quick cha,positive
parts replacement ko quality kharab cha,negative
malai worker haru recommend lagyo,positive
waiting time lastai dhila cha,negative
parts quality use garda genuine feel bhayo,positive
brake condition just okay,neutral
brake condition use garda bhorosilo feel bhayo,positive
engine condition ma fake parts,negative
tyre condition ko barema ramro bhayo,positive
yo charge dherai ramaro lagyo,positive
bike servicing ko barema service bhayo,neutral
worker haru average chha,neutral
parts quality reliable chaina,negative
phone response friendly cha tara nikamma cha,negative
parts quality duplicate thiena,positive
yo bill naramo bhaena,positive
yo bill thik cha,neutral
YO CHARGE MA DHANYABAD EXPERIENCE BHAYO,positive
yo price ma ramro bhayo,positive
worker haru use garda dhila feel bhayo,negative
maintenance service dherai sahyog lagyo,positive
YO PLACE KHUSI CHAINA,negative
CUSTOMER SERVICE PROFESSIONAL CHA TARA JHANJHAT CHA,negative
yo repair service overpriced thiyo tara sahayogi bhayo,positive
battery service pura sundar chaina,negative
car servicing ko barema smooth cha,positive
REPAIR COST ANNOYED BHAENA,positive
vehicle performance durable thiyo tara terrible bhayo,negative
"delivery time ma perfect cha, ignored pani cha",neutral
staff haru ma chitta bujhena,negative
mero bike condition dhila bhaena,positive
bike servicing pura cheap chaina,negative
MERO EXPERIENCE KO QUALITY DAMAGE CHA,negative
customer service ko barema duplicate parts,negative
yo charge pura poor chaina,positive
Vehicle performance ma ramro lagyo,positive
replacement parts so so,neutral
car servicing dherai bakbas lagyo,negative
parts quality gajjab chaina,negative
yo place ok cha,neutral
Staff haru ma kaam sakiyo,neutral
parts quality ramro lagena,negative
staff haru ma ali thik,neutral
yo mechanic dai angry cha,negative
vehicle performance lastai thikkai cha,neutral
replacement parts ma use nagarnu,negative
bike servicing naramo thiyo tara gajjab bhayo,positive
vehicle performance ko barema ramro lagyo,positive
engine kaam bigriyo cha,negative
maintenance service ma service bhayo,neutral
yo auto workshop ekdam thik chha,neutral
yo charge ma ramro lagyo,positive
staff haru fast bhaena,negative
yo price ekdam frustrated cha,negative
staff haru normal cha,neutral
customer service use garda samanya feel bhayo,neutral
yo mechanic ko barema chitta bujhena,negative
malai mero bike condition thik lagyo,neutral
yo servicing dherai thikkai lagyo,neutral
yo servicing ma worth it,positive
mero experience normal cha,neutral
engine kaam ekdam samanya cha,neutral
repair cost safa thiyo tara slow bhayo,negative
parts replacement top quality,positive
complaint handling ekdam nice cha,positive
mero bike condition lastai thikkai cha,neutral
malai yo place reliable lagena,negative
malai mero experience ok lagyo,neutral
mero experience lastai normal cha,neutral
MERO CAR CONDITION MA ANGRY EXPERIENCE BHAYO,negative
complaint handling problem solve bhayo,positive
yo garage lastai okay cha,neutral
waiting time ma feri aauchu,positive
malai service cost jhanjhat lagena,positive
repair cost ko barema thik garena,negative
waiting time useless chaina,positive
yo charge dherai cheap lagyo,positive
car servicing ekdam average cha,neutral
yo servicing center ma use nagarnu,negative
engine repair ramrari cha,positive
malai engine repair normal lagyo,neutral
mero bike condition perfect chaina,negative
bike servicing ma kaam sakiyo,neutral
malai yo place santusta lagena,negative
engine repair frustrated cha tara sundar cha,positive
waiting time lastai reliable cha,positive
malai yo mechanic dai thik lagyo,neutral
engine repair ok chha,neutral
car servicing ma waste of money,negative
"mero car condition ramro pani cha, jhyau pani chha",neutral
Complaint handling ma ali thik,neutral
yo servicing center dherai satisfied lagyo,positive
battery service ko quality thik cha,neutral
yo repair service pura raddi chaina,positive
"brake condition ma sasto cha, naramo pani cha",neutral
WAITING TIME PURA RADDI CHAINA,positive
yo repair service ma thik experience bhayo,neutral
car servicing ko quality thikkai cha,neutral
yo servicing ma thikkai experience bhayo,neutral
engine repair babbal cha,positive
Yo bill problem solve bhayo,positive
replacement parts ko quality average cha,neutral
support team ko barema thik garena,negative
yo mechanic shop damage bhayo,negative
mero experience not recommended,negative
staff haru use garda khera feel bhayo,negative
engine kaam jabardast thiyo tara problem bhayo,negative
staff haru ma dhokha experience bhayo,negative
waiting time dherai okay lagyo,neutral
yo bill fake bhaena,positive
yo thau lastai thikkai cha,neutral
"mero experience imandar pani cha, worst pani cha",neutral
malai mero experience nice lagyo,positive
staff haru ekdam excellent cha,positive
repair time ko quality nice cha,positive
engine condition thikai cha,neutral
billing system ekdam ramrari cha,positive
"customer service recommend pani cha, jhur pani cha",neutral
MERO EXPERIENCE MA POOR EXPERIENCE BHAYO,negative
car servicing so so,neutral
ma mero experience bata oil change,neutral
battery service ko barema original parts,positive
overall experience quick chha tara jhur cha,negative
service cost santusta bhaena,negative
yo servicing ma use nagarnu,negative
yo servicing lastai durable cha,positive
repair cost ekdam average cha,neutral
staff haru ma thikai experience bhayo,neutral
MALAI BILLING SYSTEM GHATIYA LAGENA,positive
yo place bakwas cha tara quality cha,positive
yo workshop ma worst experience bhayo,negative
ma service cost bata problem solve bhayo,positive
brake system so so,neutral
yo place lastai galti cha,negative
Yo workshop dherai duplicate lagyo,negative
mero bike condition ko barema value for money,positive
engine kaam ko quality mahengo cha,negative
MA WORKER HARU BATA SERVICE BHAYO,neutral
"mero experience chitto pani cha, naramo pani cha",neutral
"Yo servicing ma lajawab cha, jhur pani cha",neutral
delivery time dherai terrible lagyo,negative
REPAIR TIME KO QUALITY CHITTO CHHA,positive
waiting time ko barema smooth cha,positive
payment system lastai samanya cha,neutral
SUPPORT TEAM MA SAME ISSUE,negative
yo place ko barema highly recommend,positive
ma overall experience bata not recommended,negative
overall experience honest thiyo tara pathetic bhayo,negative
repair cost dherai normal lagyo,neutral
yo mechanic shop awesome cha tara delay cha,negative
yo technician ko quality average chha,neutral
payment system use garda samanya feel bhayo,neutral
mero experience pura worst chaina,positive
yo mechanic dai use garda average feel bhayo,neutral
repair cost ma problem solve bhayo,positive
billing system ko quality thikkai cha,neutral
yo thau ma thik experience bhayo,neutral
yo thau faltu thiena,positive
"yo servicing center professional pani cha, poor pani cha",neutral
service cost awesome thiena,negative
yo servicing ekdam useless cha,negative
BIKE SERVICING DHERAI BAKBAS LAGYO,negative
waiting time worth it,positive
"yo mechanic ma bhalo cha, adhuro pani cha",neutral
support team dukha bhaena,positive
tyre condition thikai cha,neutral
worker haru lastai chitto chha,positive
waiting time sahi chaina,negative
maintenance service satisfied bhaena,negative
replacement parts lastai honest cha,positive
"yo repair service ma lajawab cha, annoyed pani cha",neutral
parts quality ekdam nikamma cha,negative
engine repair pura bakbas chaina,positive
repair cost ko quality rude cha,negative
BILL AMOUNT PURA BEKAR CHAINA,positive
service cost highly recommend,positive
complaint handling badhiya cha,positive
yo mechanic ekdam friendly cha,positive
customer service lastai thikkai cha,neutral
yo charge ma samasya experience bhayo,negative
brake condition ramaro chaina,negative
mero experience recommend bhaena,negative
engine repair lastai bakwas cha,negative
yo servicing lastai phutyo cha,negative
malai yo workshop professional lagena,negative
ma bike servicing bata oil change,neutral
phone response lastai nikamma cha,negative
customer service ma genuine experience bhayo,positive
yo price chitta bujhyo,positive
malai yo mechanic dai quality lagyo,positive
repair time dherai waste lagyo,negative
phone response dherai okay lagyo,neutral
brake system quality cha,positive
yo servicing ekdam terrible cha,negative
engine condition lastai imandar cha,positive
service cost majja cha tara slow cha,negative
parts replacement pura naraamro chaina,positive
malai yo spare parts sasto lagyo,positive
"Worker haru bhorosilo pani cha, mahango pani cha",neutral
"yo servicing center honest pani cha, hawa pani cha",neutral
malai engine kaam ok lagyo,neutral
Parts replacement value for money,positive
bike servicing average cha,neutral
engine condition reliable cha tara samasya cha,negative
malai mero experience angry lagena,positive
car servicing overpriced thiyo tara ramaro bhayo,positive
ma yo workshop bata thikai cha,neutral
tyre condition sundar thiyo tara jhutho bhayo,negative
Billing system ekdam majja cha,positive
battery service lastai bhorosa cha,positive
malai battery service poor lagyo,negative
engine repair bad thiyo tara nice bhayo,positive
"yo spare parts ma bhorosilo cha, khera pani cha",neutral
yo technician rubbish thiena,positive
service cost ko barema raamro bhayena,negative
engine repair ekdam bakbas cha,negative
"yo charge genuine pani cha, worst pani cha",neutral
support team mahango thiena,positive
maintenance service lastai ok cha,neutral
service cost ma damage bhayo,negative
staff haru ko barema original parts,positive
yo auto workshop mast thiyo tara adhuro bhayo,negative
malai repair cost professional lagyo,positive
support team mitho cha,positive
yo charge rubbish cha tara badhiya chha,positive
malai yo garage normal lagyo,neutral
customer service thagi cha tara cheap cha,positive
waiting time ma kaam sakiyo,neutral
"engine repair ma satisfied cha, disappointed pani cha",neutral
vehicle performance oil change,neutral
yo bill ko quality sifaris cha,positive
tyre condition useless cha tara friendly cha,positive
replacement parts sahyog chaina,negative
replacement parts worst bhaena,positive
yo repair service lastai friendly cha,positive
yo workshop ko barema on time,positive
"overall experience affordable pani cha, late pani cha",neutral
repair cost affordable chha tara phutyo cha,negative
"replacement parts ma excellent cha, overpriced pani cha",neutral
service time bakwas thiyo tara quick bhayo,positive
yo auto workshop mitho chha tara phutyo cha,negative
engine kaam ekdam fohor cha,negative
engine condition luteko thiyo tara satisfied bhayo,positive
malai yo mechanic shop normal lagyo,neutral
BILL AMOUNT DHERAI GALTI LAGYO,negative
parts quality ekdam normal cha,neutral
overall experience value for money,positive
BRAKE CONDITION KO QUALITY RELIABLE CHA,positive
yo mechanic ma bhalo experience bhayo,positive
COMPLAINT HANDLING EKDAM THIK CHA,neutral
yo place ko quality imandar cha,positive
malai yo price fraud lagena,positive
bike servicing happy cha tara khera cha,negative
mero bike condition ramro lagyo,positive
malai replacement parts bigreko lagyo,negative
malai repair time fast lagena,negative
yo auto workshop pura sasto chaina,negative
vehicle performance thik jasto,neutral
maintenance service reasonable chaina,negative
malai yo technician ignored lagena,positive
service time annoyed thiena,positive
staff haru naramro cha,negative
yo servicing center use garda duplicate feel bhayo,negative
"yo thau mitho pani cha, expensive pani cha",neutral
yo repair service damage chaina,positive
staff haru pura reliable chaina,negative
ma yo mechanic dai bata thik jasto,neutral
MERO BIKE CONDITION MA RAMRO LAGENA,negative
mero bike condition phutyo cha,negative
yo price ko barema highly recommend,positive
yo mechanic use garda thikkai feel bhayo,neutral
MA ENGINE REPAIR BATA PURANO PARTS,negative
battery service pura ramro chaina,negative
"yo charge ma sifaris cha, bekar pani cha",neutral
YO THAU REASONABLE CHAINA,negative
yo spare parts ekdam reasonable cha,positive
malai yo auto workshop samanya lagyo,neutral
malai staff haru dhila lagyo,negative
payment system ko barema chitta bujhena,negative
staff haru ma samanya experience bhayo,neutral
engine repair ma ali thik,neutral
malai repair cost bad lagena,positive
ma yo auto workshop bata so so,neutral
yo workshop lastai bakbas cha,negative
waiting time great cha tara fake cha,negative
OVERALL EXPERIENCE GREAT CHA TARA KHARAB CHA,negative
"yo mechanic bhorosilo pani cha, jhyau pani cha",neutral
"yo mechanic jabardast pani cha, thagi pani cha",neutral
tyre condition ma oil change,neutral
malai brake condition best lagena,negative
yo bill dherai okay lagyo,neutral
replacement parts kaam bhayo,neutral
support team dhokha cha,negative
engine kaam ma reliable experience bhayo,positive
yo auto workshop ko barema oil change,neutral
yo garage ekdam fohor cha,negative
yo bill lastai faltu cha,negative
malai brake system thik lagyo,neutral
"delivery time ma lajawab cha, nikamma pani cha",neutral
brake system dherai helpful lagyo,positive
SERVICE COST KO BAREMA FERI AAUCHU,positive
battery service naramro bhaena,positive
yo spare parts dherai nikamma lagyo,negative
yo spare parts ko quality unprofessional cha,negative
"Payment system quick pani cha, faltu pani cha",neutral
BIKE SERVICING BADHIYA THIYO TARA THAG BHAYO,negative
malai repair time badhiya lagena,negative
malai brake condition raamro lagyo,positive
worker haru ma fohor experience bhayo,negative
bill amount ekdam dami cha,positive
staff haru delay cha tara professional cha,positive
ma battery service bata fake parts,negative
yo garage normal cha,neutral
"YO SERVICING CENTER MA CHITTO CHA, POOR PANI CHA",neutral
bill amount mast cha tara poor cha,negative
"yo repair service ma mast cha, luteko pani cha",neutral
payment system lastai normal cha,neutral
waiting time ekdam ok chha,neutral
ma brake condition bata damage bhayo,negative
service time kaam bhayo,neutral
yo charge ma extra charge,negative
"service cost ma sifaris cha, raddi pani cha",neutral
ma yo mechanic dai bata thikkai cha,neutral
billing system majja cha tara ruksha cha,negative
"mero bike condition reasonable pani cha, careless pani cha",neutral
MERO BIKE CONDITION RAMRO BHAYO,positive
Malai car servicing recommend lagyo,positive
"phone response ma durable cha, unprofessional pani cha",neutral
repair time naramo thiyo tara mast bhayo,positive
malai overall experience average lagyo,neutral
bike servicing ko barema kaam sakiyo,neutral
service cost pura phutyo chaina,positive
battery service ma mitho experience bhayo,positive
engine kaam ko barema so so,neutral
bill amount lastai great cha,positive
ma repair cost bata on time,positive
yo spare parts use garda perfect feel bhayo,positive
YO GARAGE SAMANYA CHA,neutral
ma phone response bata ali thik,neutral
waiting time recommend thiena,negative
maintenance service genuine chaina,negative
yo thau lastai naramo cha,negative
vehicle performance naraamro cha tara sipalu cha,positive
malai yo mechanic galti lagena,positive
ma bill amount bata damage bhayo,negative
malai phone response samanya lagyo,neutral
vehicle performance ekdam mast cha,positive
brake condition lastai bakwas chha,negative
brake system ko barema kaam sakiyo,neutral
ENGINE CONDITION SAFA CHA,positive
engine repair jabardast thiyo tara adhuro bhayo,negative
worker haru ko quality gajjab cha,positive
malai yo bill average lagyo,neutral
Engine kaam used parts,negative
yo workshop ko barema ali thik,neutral
engine condition jhutho cha,negative
mero bike condition ko barema waste of money,negative
complaint handling ekdam fast cha,positive
repair time use garda nice feel bhayo,positive
YO MECHANIC LASTAI QUALITY CHA,positive
Brake condition ko quality bharpardo cha,positive
YO PLACE LASTAI LAJAWAB CHA,positive
repair cost kaam sakiyo,neutral
yo servicing ma ali thik,neutral
customer service ma bad experience bhayo,negative
brake system ma samanya experience bhayo,neutral
Yo mechanic dai ko quality thikkai cha,neutral
Yo thau ko quality affordable cha,positive
REPAIR TIME PURA BIGRIYO CHAINA,positive
support team ko barema extra charge,negative
yo servicing ko barema service bhayo,neutral
repair time ko quality thikai cha,neutral
tyre condition happy cha tara khera cha,negative
tyre condition dherai dukha lagyo,negative
repair cost dherai thikkai lagyo,neutral
delivery time thag cha,negative
delivery time lastai quick cha,positive
BIKE SERVICING DHANYABAD THIYO TARA ANNOYED BHAYO,negative
brake system ko quality thikkai cha,neutral
"payment system chitto pani cha, overpriced pani cha",neutral
battery service just okay,neutral
"parts quality mast pani cha, dhila pani chha",neutral
yo garage ko barema no response,negative
engine condition dherai ok lagyo,neutral
"Yo servicing center reasonable pani cha, fake pani cha",neutral
tyre condition ko barema ramro lagena,negative
bike servicing quick thiyo tara problem bhayo,negative
staff haru babbal cha tara duplicate cha,negative
overall experience ma ruksha experience bhayo,negative
yo bill ma avoid garnu,negative
yo repair service ko barema kaam adhuro,negative
yo workshop use garda annoyed feel bhayo,negative
vehicle performance use garda pathetic feel bhayo,negative
yo servicing center ko barema just okay,neutral
mero car condition ekdam great cha,positive
Parts quality recommend chaina,negative
yo place ramro lagena,negative
payment system ekdam ok cha,neutral
yo technician waste thiyo tara good bhayo,positive
yo auto workshop average cha,neutral
"yo thau perfect pani cha, dukha pani cha",neutral
yo spare parts ekdam quality cha,positive
brake system ko quality samanya cha,neutral
battery service good chha tara mahango cha,negative
yo servicing center chitta bujhyo,positive
yo spare parts ma thikai cha,neutral
service time ma unprofessional experience bhayo,negative
yo place lastai thikkai cha,neutral
mero experience ko barema ramro bhayena,negative
malai phone response khusi lagyo,positive
ma complaint handling bata just okay,neutral
staff haru kharab cha tara recommend chha,positive
YO MECHANIC DAI NOT RECOMMENDED,negative
malai battery service thagi lagena,positive
ma brake condition bata used parts,negative
PARTS QUALITY MA KAAM BHAYO,neutral
tyre condition ekdam thikkai cha,neutral
ma engine kaam bata extra charge,negative
mero bike condition ko barema chitta bujhyo,positive
yo mechanic good thiyo tara thagi bhayo,negative
replacement parts ekdam average cha,neutral
Staff haru lajawab thiyo tara cheat bhayo,negative
waiting time ko barema kaam bhayo,neutral
engine kaam just okay,neutral
yo place helpful thiena,negative
ma yo thau bata highly recommend,positive
"mero car condition ma cheap cha, mahango pani cha",neutral
worker haru ma no response,negative
yo bill ma normal experience bhayo,neutral
yo technician use garda frustrated feel bhayo,negative
mero car condition dherai satisfied lagyo,positive
malai yo mechanic shop dukha lagyo,negative
bill amount ko barema on time,positive
Yo bill ma ramro bhayena,negative
yo technician sahi cha tara problem cha,negative
yo garage lastai dhila cha,negative
overall experience ma mitho experience bhayo,positive
yo auto workshop ma sahyog experience bhayo,positive
yo price pura worsened chaina,positive
yo mechanic dai phutyo bhaena,positive
customer service best thiena,negative
malai yo charge ok lagyo,neutral
service cost ko quality thikkai cha,neutral
ma yo repair service bata thikai cha,neutral
malai support team raamro lagyo,positive
service cost ko barema chitta bujhena,negative
yo mechanic dai good chaina,negative
engine condition use garda kharab feel bhayo,negative
malai complaint handling affordable lagyo,positive
brake system lastai okay cha,neutral
yo auto workshop engine bigriyo,negative
yo mechanic shop dherai thik lagyo,neutral
worker haru dherai samanya lagyo,neutral
maintenance service imandar cha tara thagi cha,negative
yo workshop lastai ignored cha,negative
yo servicing quality thiena,negative
delivery time dherai thik lagyo,neutral
ma billing system bata kaam bhayo,neutral
yo bill dherai normal lagyo,neutral
parts replacement khusi thiyo tara naraamro bhayo,negative
maintenance service bekar thiyo tara gajjab bhayo,positive
malai yo servicing center satisfied lagyo,positive
engine kaam dhokha thiyo tara badhiya bhayo,positive
yo charge use garda average feel bhayo,neutral
yo thau kaam bhayo,neutral
bill amount ma affordable experience bhayo,positive
repair cost sahi thiyo tara jhanjhat bhayo,negative
SERVICE TIME LUTEKO CHAINA,positive
yo repair service ma oil change,neutral
Yo auto workshop ekdam overpriced cha,negative
waiting time dhanyabad bhaena,negative
repair time lastai ok cha,neutral
yo technician ekdam normal cha,neutral
yo thau use garda adhuro feel bhayo,negative
repair time lastai average cha,neutral
tyre condition ma engine check,neutral
mero experience dhila thiyo tara smooth bhayo,positive
engine repair dherai satisfied lagyo,positive
brake system ekdam average cha,neutral
malai mero bike condition ramro lagyo,positive
mero bike condition useless bhaena,positive
"mero car condition genuine pani cha, bad pani cha",neutral
phone response ekdam phutyo cha,negative
yo servicing ma ok experience bhayo,neutral
yo workshop pura lajawab chaina,negative
yo workshop ma sifaris experience bhayo,positive
Parts quality ma on time,positive
repair cost use garda perfect feel bhayo,positive
bill amount top quality,positive
"phone response prasanna pani cha, worsened pani cha",neutral
battery service ko quality honest cha,positive
yo mechanic use garda hawa feel bhayo,negative
engine repair ekdam bhalo cha,positive
MALAI MERO CAR CONDITION SAMANYA LAGYO,neutral
malai yo thau mast lagena,negative
"bike servicing ma santusta cha, dhokha pani cha",neutral
malai delivery time samanya lagyo,neutral
ma bill amount bata thikai cha,neutral
bill amount ma thikai chha,neutral
service time kaam sakiyo,neutral
engine repair durable thiyo tara scam bhayo,negative
replacement parts badhiya chha tara ghatiya cha,negative
support team ekdam bigreko cha,negative
parts replacement lastai thikai chha,neutral
yo charge bharpardo cha tara jhanjhat cha,negative
repair time ekdam bigriyo cha,negative
yo price ekdam best cha,positive
yo mechanic dai dherai thikkai lagyo,neutral
yo charge use garda poor feel bhayo,negative
Yo bill ma just okay,neutral
"support team ma sundar cha, fohor pani cha",neutral
yo mechanic service bhayo,neutral
yo place ko quality bad cha,negative
billing system use garda helpful feel bhayo,positive
waiting time good chaina,negative
vehicle performance ko barema so so,neutral
yo mechanic ko quality majja cha,positive
"yo servicing ma prasanna cha, khera pani chha",neutral
bill amount dherai thikai lagyo,neutral
repair time dherai thikkai lagyo,neutral
ma service time bata chitta bujhyo,positive
yo place ko barema value for money,positive
ma payment system bata so so,neutral
ma worker haru bata kaam adhuro,negative
yo servicing center not recommended,negative
tyre condition bad cha,negative
maintenance service overpriced thiyo tara ramro bhayo,positive
parts quality thik cha,neutral
yo technician average cha,neutral
yo servicing center ko barema satisfied chaina,negative
bike servicing ko barema oil change,neutral
complaint handling chitta bujhena,negative
yo mechanic dai ali thik,neutral
yo spare parts sundar cha tara rubbish cha,negative
service time dherai sasto lagyo,positive
malai waiting time reliable lagena,negative
yo workshop ko barema thik jasto,neutral
"yo mechanic dai ma helpful cha, waste pani cha",neutral
malai yo mechanic shop bhorosa lagena,negative
maintenance service ma samanya experience bhayo,neutral
yo servicing center ko quality smooth cha,positive
Brake condition use garda delay feel bhayo,negative
yo mechanic worst thiena,positive
waiting time not recommended,negative
payment system majja bhaena,negative
yo mechanic shop naramro thiyo tara affordable bhayo,positive
ma yo place bata thik jasto,neutral
maintenance service ma hidden charge,negative
YO THAU LASTAI OKAY CHA,neutral
TYRE CONDITION KO BAREMA NEVER AGAIN,negative
parts quality ko quality naramo cha,negative
yo technician pura fraud chaina,positive
brake condition bhalo bhaena,negative
ma mero car condition bata worth it,positive
BATTERY SERVICE MAHENGO CHA TARA QUALITY CHA,positive
yo charge man parena,negative
"Yo technician ma sahyog cha, risaune pani cha",neutral
customer service luteko chha,negative
billing system use garda average feel bhayo,neutral
brake condition ma awful experience bhayo,negative
STAFF HARU KO BAREMA SAME ISSUE,negative
yo mechanic shop use garda careless feel bhayo,negative
malai battery service ramro lagena,negative
"delivery time ma bhorosilo cha, angry pani cha",neutral
bill amount ko barema smooth cha,positive
yo place ko quality worst cha,negative
yo mechanic shop dherai thikai lagyo,neutral
yo auto workshop dherai normal lagyo,neutral
customer service ko quality worsened cha,negative
billing system dherai okay lagyo,neutral
Worker haru kaam sakiyo,neutral
service cost ko barema ali thik,neutral
ma waiting time bata on time,positive
customer service dherai thik lagyo,neutral
bike servicing lastai ok cha,neutral
complaint handling quality thiena,negative
engine repair reasonable bhaena,negative
ENGINE KAAM DHERAI BHALO LAGYO,positive
malai brake system awesome lagyo,positive
MA BILLING SYSTEM BATA SERVICE BHAYO,neutral
vehicle performance ko quality okay cha,neutral
malai parts quality hawa lagyo,negative
parts quality ma good experience bhayo,positive
payment system ma original parts,positive
bill amount use garda cheap feel bhayo,positive
yo thau careless chaina,positive
bill amount dherai worst lagyo,negative
Maintenance service normal cha,neutral
Maintenance service jhutho thiena,positive
yo bill pura terrible chaina,positive
yo mechanic dai sahi chaina,negative
"vehicle performance nice pani cha, overpriced pani cha",neutral
brake condition dherai thikai lagyo,neutral
phone response ma quick experience bhayo,positive
mero bike condition ali thik,neutral
car servicing ma ramro lagena,negative
waiting time awesome bhaena,negative
yo place thik jasto,neutral
yo technician oil change,neutral
"service cost babbal pani cha, kharab pani cha",neutral
car servicing ma thik experience bhayo,neutral
yo mechanic adhuro thiyo tara smooth bhayo,positive
waiting time ramaro cha tara bekar cha,negative
worker haru ekdam safa cha,positive
engine kaam ma just okay,neutral
delivery time ko barema oil change,neutral
yo workshop bhorosa thiyo tara bakwas bhayo,negative
REPAIR TIME EKDAM TERRIBLE CHA,negative
yo thau ko barema worth it,positive
yo thau lastai reliable cha,positive
MALAI SUPPORT TEAM NARAAMRO LAGENA,positive
yo spare parts thikkai chha,neutral
"battery service lajawab pani cha, fraud pani cha",neutral
service cost ekdam friendly cha,positive
yo auto workshop dherai samanya lagyo,neutral
malai yo place sahyog lagena,negative
"billing system imandar pani cha, dhilo pani chha",neutral
service cost excellent bhaena,negative
yo place thikai chha,neutral
vehicle performance ko barema chitta bujhyo,positive
bike servicing reasonable thiena,negative
"yo price ma gajjab cha, thag pani cha",neutral
car servicing ekdam thik cha,neutral
SERVICE TIME EKDAM DAMI CHA,positive
delivery time dherai ok lagyo,neutral
SERVICE TIME LASTAI CHEAP CHA,positive
billing system pura ignored chaina,positive
engine condition ramaro thiena,negative
service time ma thik jasto,neutral
repair cost ok cha,neutral
"replacement parts ma jabardast cha, chor pani cha",neutral
"yo charge ma sasto cha, disappointed pani cha",neutral
yo workshop chitto cha tara jhanjhat chha,negative
malai yo mechanic chor lagyo,negative
brake condition recommend chaina,negative
billing system use garda fohor feel bhayo,negative
billing system faltu thiyo tara reliable bhayo,positive
yo spare parts imandar bhaena,negative
engine condition cheap cha tara cheat chha,negative
yo auto workshop ma okay experience bhayo,neutral
bill amount pathetic cha tara excellent cha,positive
brake system ma unprofessional experience bhayo,negative
support team mast cha tara bad cha,negative
malai yo repair service thik lagyo,neutral
malai mero experience happy lagena,negative
yo servicing center use garda samanya feel bhayo,neutral
payment system use garda jhyau feel bhayo,negative
malai yo mechanic fraud lagyo,negative
phone response ma value for money,positive
ma parts replacement bata kaam bhayo,neutral
bill amount lastai babbal cha,positive
malai parts replacement okay lagyo,neutral
yo repair service ekdam thikkai cha,neutral
yo bill use garda galti feel bhayo,negative
customer service ko barema oil change,neutral
yo price ma safa experience bhayo,positive
malai yo technician nikamma lagyo,negative
yo workshop late thiyo tara honest bhayo,positive
bill amount thagi cha,negative
yo mechanic shop ma friendly experience bhayo,positive
repair cost ramaro thiena,negative
ma service cost bata thik jasto,neutral
bike servicing use garda okay feel bhayo,neutral
service cost friendly cha tara raddi cha,negative
engine condition pura samasya chaina,positive
repair time overpriced bhaena,positive
ma battery service bata ali thik,neutral
yo mechanic shop lastai happy cha,positive
yo mechanic sasto chaina,negative
phone response ko quality badhiya cha,positive
ma yo servicing bata on time,positive
replacement parts pura fohor chaina,positive
yo bill recommend cha tara mahango cha,negative
ma billing system bata waste of money,negative
"mero car condition quick pani cha, fohor pani cha",neutral
ma mero experience bata kaam bhayo,neutral
yo charge dherai khusi lagyo,positive
Billing system frustrated cha tara babbal cha,positive
yo auto workshop ko quality thik cha,neutral
bill amount ko quality quality cha,positive
mero experience use garda frustrated feel bhayo,negative
waiting time use garda unprofessional feel bhayo,negative
delivery time normal cha,neutral
"mero bike condition ma professional cha, kharab pani cha",neutral
malai yo mechanic dai average lagyo,neutral
brake condition ko barema satisfied chaina,negative
ma engine kaam bata oil change,neutral
yo charge ko barema on time,positive
parts quality ko barema damage bhayo,negative
phone response lastai satisfied cha,positive
waiting time ko quality okay cha,neutral
mero bike condition ko quality bhorosa cha,positive
payment system dherai average lagyo,neutral
malai yo repair service ok lagyo,neutral
yo garage ma okay experience bhayo,neutral
yo charge ma chitta bujhena,negative
YO MECHANIC SHOP KHUSI CHA,positive
brake condition ko quality bad chha,negative
parts quality value for money,positive
engine condition original parts,positive
complaint handling use garda ok feel bhayo,neutral
bill amount lastai normal cha,neutral
bike servicing dherai samanya lagyo,neutral
"replacement parts quality pani cha, bekar pani cha",neutral
worker haru angry thiena,positive
parts replacement pura khusi chaina,negative
yo workshop ko quality normal cha,neutral
yo charge dherai quick lagyo,positive
YO SERVICING SMOOTH CHA,positive
yo price ko barema extra charge,negative
"service cost ma quick cha, poor pani cha",neutral
yo charge ko quality worst cha,negative
service cost quick cha,positive
ma yo place bata service bhayo,neutral
engine condition dherai thik lagyo,neutral
"parts replacement ma reliable cha, duplicate pani cha",neutral
brake condition dherai jhanjhat lagyo,negative
malai engine condition okay lagyo,neutral
ma maintenance service bata thikkai cha,neutral
battery service lastai thikai cha,neutral
repair time ekdam bigreko chha,negative
yo place khusi cha tara poor cha,negative
WORKER HARU MA THIK GARENA,negative
yo price ko barema original parts,positive
MALAI YO MECHANIC SHOP THIKKAI LAGYO,neutral
ma vehicle performance bata just okay,neutral
"yo spare parts ma sifaris cha, thagi pani cha",neutral
yo repair service use garda bharpardo feel bhayo,positive
"mero experience ma smooth cha, kharab pani cha",neutral
"Phone response sifaris pani cha, faltu pani cha",neutral
"bill amount ma reasonable cha, phutyo pani cha",neutral
yo mechanic dai jhyau cha,negative
repair cost dherai smooth lagyo,positive
yo repair service late bhaena,positive
yo mechanic ekdam dami cha,positive
tyre condition use garda fohor feel bhayo,negative
"brake condition ma reasonable cha, delay pani cha",neutral
malai repair cost nice lagena,negative
repair time feri aauchu,positive
Engine kaam dherai annoyed lagyo,negative
Brake system dherai thik lagyo,neutral
mero experience happy cha,positive
"service time ma awesome cha, fraud pani cha",neutral
ENGINE REPAIR MA SMOOTH EXPERIENCE BHAYO,positive
ma support team bata just okay,neutral
engine repair great cha tara galti cha,negative
vehicle performance ko barema service bhayo,neutral
"yo mechanic dai bharpardo pani cha, angry pani cha",neutral
Billing system dherai thikkai lagyo,neutral
ma yo thau bata ali thik,neutral
tyre condition ma reliable experience bhayo,positive
YO GARAGE LASTAI OVERPRICED CHA,negative
tyre condition ekdam awful cha,negative
payment system good chaina,negative
yo workshop lajawab chaina,negative
parts replacement naramo thiyo tara prasanna bhayo,positive
car servicing lastai frustrated cha,negative
ma brake condition bata ali thik,neutral
bike servicing okay chha,neutral
waiting time ma satisfied chaina,negative
engine repair cheap thiyo tara bigriyo bhayo,negative
yo servicing center lastai faltu cha,negative
"Yo spare parts ramaro pani cha, bakwas pani cha",neutral
payment system dami cha tara dhila cha,negative
phone response nikamma thiyo tara good bhayo,positive
engine repair ma cheat experience bhayo,negative
engine repair ko barema low quality,negative
mero bike condition dherai naramo lagyo,negative
ma waiting time bata problem solve bhayo,positive
yo repair service recommend cha,positive
yo charge smooth bhaena,negative
"yo mechanic ma safa cha, naramro pani cha",neutral
ma bike servicing bata kaam bhayo,neutral
mero car condition highly recommend,positive
yo price dherai ok lagyo,neutral
TYRE CONDITION DHERAI BAKWAS LAGYO,negative
billing system ma okay experience bhayo,neutral
ma delivery time bata oil change,neutral
yo auto workshop ma durable experience bhayo,positive
MA MERO EXPERIENCE BATA SO SO,neutral
yo thau terrible thiyo tara bhorosilo bhayo,positive
"yo repair service ma babbal cha, scam pani cha",neutral
maintenance service chitta bujhyo,positive
"bike servicing ma affordable cha, late pani cha",neutral
mero bike condition ko quality thikkai cha,neutral
"yo mechanic shop friendly pani cha, faltu pani cha",neutral
car servicing use garda expensive feel bhayo,negative
malai parts quality best lagyo,positive
engine condition mitho thiena,negative
parts replacement jhanjhat cha tara sahyog cha,positive
phone response ma average experience bhayo,neutral
BRAKE CONDITION DHERAI THIK LAGYO,neutral
waiting time bad cha tara mast cha,positive
parts quality ekdam hawa cha,negative
malai billing system best lagyo,positive
ma vehicle performance bata original parts,positive
service cost ma original parts,positive
yo spare parts okay cha,neutral
overall experience badhiya thiena,negative
bill amount ekdam angry cha,negative
payment system ramro bhayo,positive
yo garage pura santusta chaina,negative
yo garage ko quality khusi cha,positive
mero bike condition ko barema on time,positive
yo place ma thikai experience bhayo,neutral
ma parts replacement bata service bhayo,neutral
replacement parts quick cha,positive
bill amount thik jasto,neutral
customer service use garda average feel bhayo,neutral
yo price raamro chaina,negative
repair cost santusta cha tara careless cha,negative
YO SPARE PARTS DHERAI JHYAU LAGYO,negative
complaint handling use garda dhila feel bhayo,negative
support team ko barema avoid garnu,negative
payment system mahango bhaena,positive
yo thau ko barema problem solve bhayo,positive
ma mero car condition bata thik jasto,neutral
yo price disappointed bhaena,positive
yo place ma chitta bujhena,negative
yo price pura poor chaina,positive
replacement parts galti cha tara friendly cha,positive
support team ma hidden charge,negative
engine kaam slow thiyo tara ramrari bhayo,positive
"YO THAU AWESOME PANI CHA, PHUTYO PANI CHA",neutral
Ma parts quality bata top quality,positive
yo repair service ekdam samanya cha,neutral
worker haru dherai quick lagyo,positive
support team kaam sakiyo,neutral
"brake system asal pani cha, ignored pani cha",neutral
yo bill dherai best lagyo,positive
mero bike condition ko barema thikai cha,neutral
brake system ko barema thik jasto,neutral
malai repair time prasanna lagena,negative
malai parts replacement ramrari lagyo,positive
yo servicing center ko quality worst chha,negative
bike servicing ma average experience bhayo,neutral
malai staff haru thikai lagyo,neutral
overall experience ma okay experience bhayo,neutral
yo mechanic shop mitho chaina,negative
yo place samanya cha,neutral
tyre condition lastai prasanna cha,positive
mero car condition ko quality sifaris chha,positive
brake system ekdam gajjab cha,positive
ma parts quality bata just okay,neutral
service time ma kaam bhayo,neutral
yo workshop use garda thik feel bhayo,neutral
yo mechanic ma feri aauchu,positive
SERVICE TIME SANTUSTA THIYO TARA NARAMO BHAYO,negative
yo technician satisfied cha tara pathetic cha,negative
Battery service ma man paryo,positive
customer service phutyo bhaena,positive
engine condition lastai dhokha cha,negative
payment system babbal chha tara frustrated cha,negative
Replacement parts bad cha,negative
delivery time ma recommend gardina,negative
ma yo repair service bata top quality,positive
parts replacement use garda thagi feel bhayo,negative
Delivery time lastai normal cha,neutral
brake condition honest chaina,negative
malai repair cost bhorosilo lagyo,positive
"yo thau ma ramrari cha, mahango pani cha",neutral
ma brake condition bata engine bigriyo,negative
tyre condition naramro thiyo tara santusta bhayo,positive
ma yo servicing bata worth it,positive
payment system slow thiena,positive
yo technician lastai samanya cha,neutral
engine repair ko barema original parts,positive
yo mechanic dai use garda prasanna feel bhayo,positive
yo thau engine check,neutral
vehicle performance terrible cha tara perfect cha,positive
yo technician ko quality phutyo cha,negative
yo spare parts sasto bhaena,negative
brake system use garda samanya feel bhayo,neutral
repair cost bhalo thiyo tara angry bhayo,negative
yo workshop rubbish cha,negative
malai bill amount thag lagyo,negative
car servicing ko barema purano parts,negative
yo spare parts ko quality okay cha,neutral
ma yo mechanic dai bata smooth cha,positive
malai tyre condition recommend lagyo,positive
repair time pura dhanyabad chaina,negative
yo place satisfied chaina,negative
service cost dherai scam lagyo,negative
ma yo auto workshop bata engine check,neutral
YO WORKSHOP MA KHUSI EXPERIENCE BHAYO,positive
engine repair ko quality damage cha,negative
tyre condition naramo cha tara quick cha,positive
Service cost use garda jhyau feel bhayo,negative
ma staff haru bata thikai cha,neutral
REPLACEMENT PARTS KO BAREMA KAAM BHAYO,neutral
replacement parts use garda average feel bhayo,neutral
"yo spare parts ma reasonable cha, dhokha pani cha",neutral
engine kaam phutyo thiyo tara asal bhayo,positive
yo mechanic dherai thik lagyo,neutral
yo workshop ma kaam bhayo,neutral
repair cost terrible chaina,positive
vehicle performance ekdam delay cha,negative
complaint handling ma ramro lagyo,positive
Brake system use garda santusta feel bhayo,positive
MA SERVICE TIME BATA HIGHLY RECOMMEND,positive
YO CHARGE SANTUSTA BHAENA,negative
malai customer service bekar lagena,positive
yo garage service bhayo,neutral
ma yo technician bata ramro bhayo,positive
staff haru ma so so,neutral
"delivery time ma khusi cha, adhuro pani cha",neutral
"yo charge gajjab pani cha, duplicate pani cha",neutral
Yo servicing center dherai thik lagyo,neutral
MALAI SERVICE TIME THIKAI LAGYO,neutral
yo technician raddi thiyo tara sasto bhayo,positive
yo charge damage thiena,positive
mero car condition ekdam naramo cha,negative
malai brake system bhalo lagena,negative
service cost ma value for money,positive
yo workshop dherai okay lagyo,neutral
bill amount sipalu thiyo tara rude bhayo,negative
yo bill duplicate bhaena,positive
repair time terrible thiyo tara fast bhayo,positive
battery service dherai jabardast lagyo,positive
parts replacement pura late chaina,positive
yo mechanic shop ko barema feri aauchu,positive
yo place waste chaina,positive
worker haru careless cha,negative
tyre condition pura dhokha chaina,positive
parts replacement ko barema thik bhayo,positive
complaint handling ma sundar experience bhayo,positive
yo charge sasto chaina,negative
malai yo spare parts normal lagyo,neutral
yo mechanic shop sasto thiyo tara unprofessional bhayo,negative
overall experience adhuro cha tara reasonable cha,positive
malai engine repair santusta lagena,negative
"car servicing perfect pani cha, raddi pani cha",neutral
repair time ko quality chor cha,negative
"yo servicing center nice pani cha, pathetic pani cha",neutral
billing system dherai thik lagyo,neutral
bill amount gajjab chaina,negative
mero car condition lajawab thiyo tara rubbish bhayo,negative
YO SPARE PARTS RECOMMEND CHAINA,negative
brake system lastai thikai cha,neutral
parts quality helpful thiyo tara dhila bhayo,negative
yo charge professional thiyo tara pathetic bhayo,negative
parts replacement lastai ignored cha,negative
malai engine condition friendly lagyo,positive
brake system ekdam naramro cha,negative
replacement parts ko quality fraud cha,negative
mero bike condition engine check,neutral
staff haru terrible chaina,positive
yo servicing center lastai delay cha,negative
"yo price ma satisfied cha, dukha pani cha",neutral
Battery service ekdam happy cha,positive
parts quality lastai ok cha,neutral
repair time ko quality bakbas cha,negative
replacement parts ma smooth cha,positive
"service time majja pani cha, mahengo pani cha",neutral
"vehicle performance lajawab pani cha, late pani cha",neutral
billing system ma thikai experience bhayo,neutral
mero bike condition jhyau cha,negative
staff haru naraamro thiyo tara quality bhayo,positive
yo price ma naramo experience bhayo,negative
"Staff haru great pani cha, slow pani cha",neutral
brake condition ma service bhayo,neutral
yo charge dherai samanya lagyo,neutral
replacement parts gajjab chaina,negative
payment system ma engine check,neutral
yo place best thiena,negative
"engine condition ma professional cha, luteko pani chha",neutral
parts quality kaam adhuro,negative
car servicing ko quality prasanna cha,positive
yo mechanic use garda mast feel bhayo,positive
malai service cost terrible lagena,positive
yo charge ma jabardast experience bhayo,positive
repair cost mast thiena,negative
overall experience rubbish bhaena,positive
Yo workshop ma thik experience bhayo,neutral
staff haru ko quality samanya cha,neutral
Bike servicing use garda thikai feel bhayo,neutral
parts quality lastai normal cha,neutral
service cost ekdam thikkai cha,neutral
replacement parts hawa thiena,positive
yo repair service use garda khera feel bhayo,negative
"yo mechanic shop ma ramrari cha, rubbish pani cha",neutral
malai vehicle performance ignored lagena,positive
"parts quality badhiya pani cha, bakwas pani cha",neutral
SERVICE TIME ASAL THIENA,negative
tyre condition ekdam affordable cha,positive
yo bill ma annoyed experience bhayo,negative
Complaint handling mitho thiyo tara damage bhayo,negative
malai mero bike condition disappointed lagyo,negative
SERVICE COST USE GARDA WASTE FEEL BHAYO,negative
parts quality pura thagi chaina,positive
"repair time affordable pani cha, dhila pani cha",neutral
mero bike condition babbal thiyo tara ruksha bhayo,negative
malai repair time cheap lagyo,positive
Yo place pura sahi chaina,negative
engine condition use garda khera feel bhayo,negative
repair cost professional cha,positive
yo auto workshop feri aauchu,positive
yo thau unprofessional bhaena,positive
yo mechanic shop fake bhaena,positive
YO MECHANIC USE GARDA DISAPPOINTED FEEL BHAYO,negative
yo servicing ko barema ramro lagyo,positive
mero bike condition lastai helpful cha,positive
YO AUTO WORKSHOP SAFA THIYO TARA THAGI BHAYO,negative
payment system ko barema used parts,negative
yo mechanic ma dhila experience bhayo,negative
customer service ma paisa khera,negative
mero car condition ko barema man paryo,positive
delivery time ko barema kaam adhuro,negative
Engine kaam normal cha,neutral
ma mero bike condition bata thik bhayo,positive
waiting time sundar chaina,negative
parts replacement worst chaina,positive
"mero car condition ma sundar cha, careless pani cha",neutral
yo charge ma phutyo experience bhayo,negative
yo servicing ma value for money,positive
payment system ekdam scam chha,negative
yo mechanic dai kaam sakiyo,neutral
yo mechanic shop dherai badhiya lagyo,positive
MALAI MERO EXPERIENCE ASAL LAGENA,negative
"bike servicing ma cheap cha, adhuro pani cha",neutral
Brake system rude thiyo tara raamro bhayo,positive
YO SERVICING MA FRIENDLY EXPERIENCE BHAYO,positive
engine kaam ma top quality,positive
service cost ko quality ok cha,neutral
yo workshop lastai okay cha,neutral
vehicle performance ma smooth cha,positive
SUPPORT TEAM KO BAREMA KAAM SAKIYO,neutral
Car servicing ma thikkai experience bhayo,neutral
mero experience problem cha tara sahi cha,positive
mero experience satisfied thiyo tara naramro bhayo,negative
staff haru use garda phutyo feel bhayo,negative
BRAKE SYSTEM KO BAREMA SAME ISSUE,negative
tyre condition rude thiena,positive
yo thau lastai bakbas cha,negative
"MERO BIKE CONDITION MA GOOD CHA, BAKBAS PANI CHA",neutral
battery service ma man parena,negative
yo bill ekdam expensive cha,negative
delivery time ekdam normal cha,neutral
mero experience ma thikkai experience bhayo,neutral
brake system ko quality recommend cha,positive
malai yo garage thikai lagyo,neutral
repair time ma ok experience bhayo,neutral
ma yo technician bata ali thik,neutral
support team ghatiya thiyo tara sasto bhayo,positive
staff haru smooth cha,positive
yo workshop ma ramro bhayena,negative
brake condition ramro lagena,negative
bike servicing ma thik jasto,neutral
complaint handling ko quality disappointed cha,negative
"mero bike condition cheap pani cha, frustrated pani cha",neutral
yo servicing center pura smooth chaina,negative
payment system ekdam nice cha,positive
yo workshop slow thiyo tara sifaris bhayo,positive
billing system ma cheat experience bhayo,negative
service cost happy thiena,negative
ma engine kaam bata purano parts,negative
phone response lastai fraud cha,negative
bill amount raamro bhaena,negative
payment system use garda mitho feel bhayo,positive
mero experience ma adhuro experience bhayo,negative
ma yo servicing center bata oil change,neutral
battery service lastai okay cha,neutral
engine condition ma gajjab experience bhayo,positive
YO BILL DHERAI SAMANYA LAGYO,neutral
MALAI PAYMENT SYSTEM BHOROSA LAGYO,positive
malai vehicle performance scam lagyo,negative
yo mechanic dai ko barema engine bigriyo,negative
yo spare parts ruksha thiyo tara happy bhayo,positive
vehicle performance jhur cha tara durable cha,positive
replacement parts ekdam pathetic cha,negative
overall experience fohor cha,negative
car servicing use garda reasonable feel bhayo,positive
malai yo mechanic shop thik lagyo,neutral
vehicle performance ma okay experience bhayo,neutral
ma staff haru bata man paryo,positive
brake condition use garda average feel bhayo,neutral
customer service pura fohor chaina,positive
billing system bakbas bhaena,positive
delivery time ko quality fohor cha,negative
yo charge lastai adhuro cha,negative
engine repair ma problem solve bhayo,positive
bill amount jabardast thiyo tara thagi bhayo,negative
bill amount smooth cha,positive
yo auto workshop bhorosilo thiyo tara luteko bhayo,negative
parts quality prasanna cha,positive
yo auto workshop ko barema kaam bhayo,neutral
yo mechanic dai lastai bad cha,negative
yo bill ma poor experience bhayo,negative
"bill amount ma badhiya cha, cheat pani cha",neutral
customer service sipalu cha,positive
yo workshop prasanna thiyo tara cheat bhayo,negative
battery service average cha,neutral
customer service ma worst experience bhayo,negative
REPLACEMENT PARTS KO BAREMA ALI THIK,neutral
malai billing system normal lagyo,neutral
engine condition hidden charge,negative
ma customer service bata oil change,neutral
service cost ekdam average cha,neutral
YO REPAIR SERVICE KO QUALITY DAMAGE CHA,negative
CAR SERVICING LASTAI THIKAI CHA,neutral
yo mechanic ko barema service bhayo,neutral
complaint handling use garda normal feel bhayo,neutral
waiting time ko barema used parts,negative
"car servicing affordable pani cha, naramo pani cha",neutral
brake system average cha,neutral
"yo place sahyog pani cha, worsened pani cha",neutral
yo mechanic ma problem solve bhayo,positive
malai repair time thikai lagyo,neutral
worker haru worth it,positive
bike servicing ko barema engine check,neutral
yo place ma mitho experience bhayo,positive
engine repair useless cha tara gajjab cha,positive
"yo price mitho pani cha, naraamro pani cha",neutral
car servicing thikai cha,neutral
YO REPAIR SERVICE EKDAM SANTUSTA CHA,positive
engine condition dherai majja lagyo,positive
malai complaint handling satisfied lagyo,positive
yo technician ma oil change,neutral
maintenance service dherai bakwas lagyo,negative
parts replacement ma quick experience bhayo,positive
malai parts replacement scam lagyo,negative
replacement parts satisfied chaina,negative
ma vehicle performance bata ramro lagena,negative
yo auto workshop pura genuine chaina,negative
engine repair ko quality sasto chha,positive
parts replacement terrible chaina,positive
service time affordable bhaena,negative
engine condition ma faltu experience bhayo,negative
engine kaam naramo cha tara dami cha,positive
service time dherai problem lagyo,negative
yo repair service dhilo thiena,positive
"billing system mast pani cha, luteko pani cha",neutral
malai yo mechanic dai poor lagyo,negative
MALAI YO GARAGE OVERPRICED LAGYO,negative
mero experience lastai cheap cha,positive
"replacement parts friendly pani cha, rude pani cha",neutral
phone response ma samanya experience bhayo,neutral
malai repair time fake lagena,positive
customer service ma so so,neutral
overall experience bigreko bhaena,positive
service time use garda sahi feel bhayo,positive
battery service ma top quality,positive
yo mechanic rubbish cha tara durable cha,positive
"YO THAU SANTUSTA PANI CHA, NIKAMMA PANI CHA",neutral
yo servicing center imandar chha,positive
tyre condition ko quality thikai chha,neutral
worker haru babbal thiyo tara dukha bhayo,negative
mero experience ma low quality,negative
mero experience ko quality thikkai cha,neutral
WAITING TIME MA THIK JASTO,neutral
yo servicing ma feri aauchu,positive
yo servicing center ko quality jhyau cha,negative
malai yo spare parts lajawab lagyo,positive
mero bike condition ma not recommended,negative
service cost ko quality worst cha,negative
"bike servicing ma sahi cha, dhokha pani cha",neutral
Mero car condition lastai bakwas cha,negative
service cost lastai sundar cha,positive
"yo repair service ma friendly cha, late pani chha",neutral
car servicing rude bhaena,positive
"customer service smooth pani cha, pathetic pani cha",neutral
mero car condition lastai cheap cha,positive
delivery time useless chaina,positive
yo mechanic ko quality excellent cha,positive
brake system adhuro thiyo tara perfect bhayo,positive
yo thau ko quality thikkai cha,neutral
yo price ma thikkai experience bhayo,neutral
malai service cost thik lagyo,neutral
malai service cost bigriyo lagyo,negative
brake condition ko barema problem solve bhayo,positive
phone response scam cha tara bhalo cha,positive
PARTS REPLACEMENT SATISFIED CHAINA,negative
yo servicing sundar chaina,negative
"yo charge honest pani cha, fraud pani cha",neutral
mero bike condition bigriyo thiena,positive
yo workshop imandar cha tara galti chha,negative
payment system man parena,negative
engine kaam ma sahyog experience bhayo,positive
malai phone response babbal lagena,negative
overall experience ma bad experience bhayo,negative
Complaint handling service bhayo,neutral
complaint handling pura adhuro chaina,positive
ma waiting time bata use nagarnu,negative
car servicing ko barema ramro bhayo,positive
DELIVERY TIME TERRIBLE THIENA,positive
maintenance service ramaro cha,positive
yo price purano parts,negative
MALAI BRAKE CONDITION SAMANYA LAGYO,neutral
yo workshop never again,negative
yo thau ko quality expensive cha,negative
mero car condition lastai terrible cha,negative
yo place lastai samanya chha,neutral
brake system ko barema avoid garnu,negative
yo place ma santusta experience bhayo,positive
parts replacement use garda thikkai feel bhayo,neutral
ma yo garage bata no response,negative
battery service affordable thiena,negative
malai parts quality ghatiya lagena,positive
OVERALL EXPERIENCE MA HIDDEN CHARGE,negative
engine kaam use garda thikai feel bhayo,neutral
engine kaam ekdam genuine cha,positive
vehicle performance ekdam careless cha,negative
yo spare parts asal cha,positive
customer service jabardast thiena,negative
yo auto workshop ko quality late cha,negative
repair time pura luteko chaina,positive
bike servicing ma thik experience bhayo,neutral
"WORKER HARU MA CHITTO CHA, USELESS PANI CHA",neutral
SERVICE TIME KO BAREMA CHITTA BUJHYO,positive
CAR SERVICING MA JHUTHO EXPERIENCE BHAYO,negative
yo auto workshop lastai okay cha,neutral
repair cost use garda ok feel bhayo,neutral
engine repair badhiya cha tara jhutho cha,negative
maintenance service ko quality thikkai cha,neutral
tyre condition majja cha tara thagi cha,negative
vehicle performance lastai samanya cha,neutral
repair cost ma late experience bhayo,negative
support team ma samanya experience bhayo,neutral
vehicle performance use garda safa feel bhayo,positive
service cost ma problem solve bhayo,positive
repair time bhorosa chaina,negative
customer service ekdam samanya cha,neutral
mero car condition ekdam average cha,neutral
yo thau helpful cha tara pathetic cha,negative
Malai yo mechanic ok lagyo,neutral
car servicing ma thikai cha,neutral
yo charge ma raddi experience bhayo,negative
ENGINE REPAIR LASTAI KHARAB CHA,negative
mero experience pura best chaina,negative
engine kaam use garda ramrari feel bhayo,positive
mero experience mahengo cha tara satisfied cha,positive
"staff haru ma sasto cha, bigreko pani cha",neutral
yo technician ekdam ok cha,neutral
yo thau ekdam okay cha,neutral
yo mechanic reliable cha tara useless cha,negative
staff haru ma thik experience bhayo,neutral
billing system used parts,negative
yo bill use garda lajawab feel bhayo,positive
ma support team bata oil change,neutral
delivery time pura awful chaina,positive
"yo technician gajjab pani cha, hawa pani cha",neutral
battery service dherai unprofessional lagyo,negative
Malai car servicing dukha lagyo,negative
ma yo workshop bata thik jasto,neutral
yo servicing ko quality chor cha,negative
yo price ko barema value for money,positive
yo repair service raamro thiena,negative
malai yo thau sasto lagena,negative
yo technician khusi thiyo tara hawa bhayo,negative
"parts quality helpful pani cha, faltu pani cha",neutral
phone response ma smooth experience bhayo,positive
Ma maintenance service bata raamro bhayo,positive
yo workshop ko quality satisfied cha,positive
yo garage dherai expensive lagyo,negative
yo mechanic dai galti cha,negative
"yo thau reliable pani cha, phutyo pani cha",neutral
yo repair service naraamro cha,negative
replacement parts professional thiyo tara kharab bhayo,negative
yo bill lastai happy cha,positive
engine condition ko quality thikkai chha,neutral
phone response lastai unprofessional cha,negative
engine condition samanya cha,neutral
yo mechanic dai never again,negative
ma payment system bata ali thik,neutral
yo mechanic shop jabardast thiyo tara dhilo bhayo,negative
staff haru expensive thiyo tara cheap bhayo,positive
malai yo servicing babbal lagena,negative
yo thau use garda good feel bhayo,positive
malai bike servicing quick lagena,negative
car servicing samanya cha,neutral
yo auto workshop use garda risaune feel bhayo,negative
waiting time ekdam hawa cha,negative
service time ramro lagyo,positive
phone response reasonable thiena,negative
billing system average cha,neutral
COMPLAINT HANDLING KO BAREMA NOT RECOMMENDED,negative
yo auto workshop normal cha,neutral
complaint handling so so,neutral
bill amount ma thikai cha,neutral
phone response ma same issue,negative
delivery time ekdam naramo cha,negative
YO SERVICING CENTER USE GARDA SCAM FEEL BHAYO,negative
bike servicing sundar chaina,negative
yo mechanic dai ekdam thikai cha,neutral
"yo bill khusi pani cha, thag pani cha",neutral
Yo repair service ma average experience bhayo,neutral
"yo repair service ma reliable cha, fake pani cha",neutral
yo price ramro lagyo,positive
yo technician ma service bhayo,neutral
repair time honest thiyo tara ruksha bhayo,negative
yo workshop lastai normal cha,neutral
service time lastai bekar cha,negative
ma parts replacement bata kaam adhuro,negative
engine kaam galti cha,negative
ma staff haru bata thik jasto,neutral
YO THAU USE GARDA THIKAI FEEL BHAYO,neutral
complaint handling use garda average feel bhayo,neutral
yo place ko quality terrible chha,negative
repair time pura mitho chaina,negative
maintenance service useless thiena,positive
yo auto workshop thikai chha,neutral
malai yo technician chitto lagyo,positive
service time use garda naraamro feel bhayo,negative
billing system ko quality friendly cha,positive
ma engine repair bata oil change,neutral
engine kaam dherai dhanyabad lagyo,positive
yo garage risaune thiena,positive
ma service cost bata oil change,neutral
yo repair service bharpardo chaina,negative
billing system engine check,neutral
REPLACEMENT PARTS KO BAREMA RECOMMEND GARDINA,negative
tyre condition ma satisfied chaina,negative
delivery time ok chha,neutral
mero experience ko quality worsened cha,negative
yo mechanic dai thagi thiena,positive
car servicing lastai ok cha,neutral
complaint handling ekdam samanya chha,neutral
delivery time ma feri aauchu,positive
"YO THAU SUNDAR PANI CHA, JHYAU PANI CHA",neutral
engine condition ma feri aauchu,positive
malai billing system thik lagyo,neutral
yo thau ma reasonable experience bhayo,positive
mero experience santusta thiyo tara pathetic bhayo,negative
"phone response ma best cha, bigreko pani cha",neutral
payment system late cha tara santusta cha,positive
yo workshop perfect cha,positive
ma service cost bata chitta bujhena,negative
payment system jabardast bhaena,negative
"service time ma satisfied cha, frustrated pani cha",neutral
yo price lastai happy cha,positive
"payment system dami pani cha, bakbas pani cha",neutral
"Tyre condition ma jabardast cha, late pani cha",neutral
Yo spare parts ma okay experience bhayo,neutral
staff haru scam cha,negative
yo mechanic kaam adhuro,negative
billing system ma normal experience bhayo,neutral
ma parts replacement bata waste of money,negative
yo thau dherai rude lagyo,negative
Yo mechanic ekdam hawa cha,negative
SERVICE TIME LASTAI CHITTO CHA,positive
yo garage santusta thiyo tara scam bhayo,negative
bike servicing bharpardo bhaena,negative
yo spare parts use garda bekar feel bhayo,negative
mero experience dhila chaina,positive
yo thau dherai thikkai lagyo,neutral
STAFF HARU USE GARDA THIKAI FEEL BHAYO,neutral
yo place ma sundar experience bhayo,positive
yo thau adhuro cha,negative
Car servicing bharpardo cha tara bigreko cha,negative
service time smooth cha,positive
yo workshop bakbas thiyo tara jabardast bhayo,positive
support team friendly chha,positive
staff haru dherai normal lagyo,neutral
engine condition ko barema kaam adhuro,negative
yo price ma thik experience bhayo,neutral
complaint handling imandar bhaena,negative
"overall experience ma cheap cha, angry pani cha",neutral
malai tyre condition risaune lagena,positive
mero car condition disappointed cha tara bhorosa cha,positive
malai worker haru prasanna lagyo,positive
overall experience naraamro cha,negative
yo place ko barema smooth cha,positive
yo bill lastai useless chha,negative
waiting time ma sahyog experience bhayo,positive
bike servicing ma jhur experience bhayo,negative
yo workshop bhorosa thiyo tara duplicate bhayo,negative
car servicing ko quality reasonable cha,positive
yo price nice thiena,negative
ma customer service bata recommend gardina,negative
malai engine kaam sahi lagyo,positive
service time ma okay experience bhayo,neutral
yo servicing lastai thikkai cha,neutral
"yo spare parts sipalu pani cha, chor pani chha",neutral
"engine condition ma bhorosilo cha, dhila pani cha",neutral
customer service lastai okay cha,neutral
VEHICLE PERFORMANCE USE GARDA THIKKAI FEEL BHAYO,neutral
yo bill ko barema on time,positive
"yo spare parts ma sahayogi cha, bakwas pani chha",neutral
malai yo auto workshop bakbas lagyo,negative
malai mero experience samanya lagyo,neutral
"mero experience sahi pani cha, overpriced pani cha",neutral
ma yo spare parts bata damage bhayo,negative
YO GARAGE RUDE THIENA,positive
yo workshop ma original parts,positive
replacement parts fake cha tara affordable cha,positive
mero car condition ekdam ramro cha,positive
"tyre condition awesome pani cha, samasya pani cha",neutral
PARTS REPLACEMENT MA VALUE FOR MONEY,positive
malai maintenance service samanya lagyo,neutral
yo servicing center ko barema engine check,neutral
yo charge ekdam pathetic cha,negative
vehicle performance nikamma cha tara mast cha,positive
yo thau ma waste experience bhayo,negative
yo auto workshop kaam sakiyo,neutral
service cost thik chha,neutral
WAITING TIME HELPFUL CHAINA,negative
engine kaam asal bhaena,negative
"waiting time ma khusi cha, useless pani cha",neutral
mero experience lastai imandar chha,positive
repair cost bakwas thiyo tara excellent bhayo,positive
malai complaint handling late lagena,positive
yo charge fohor cha,negative
repair time ekdam normal cha,neutral
yo mechanic shop ma thikkai experience bhayo,neutral
Yo charge cheat chha,negative
waiting time dherai thik lagyo,neutral
service time ma used parts,negative
yo workshop use garda slow feel bhayo,negative
overall experience dherai galti lagyo,negative
repair cost use garda disappointed feel bhayo,negative
service cost use garda disappointed feel bhayo,negative
maintenance service dherai bad lagyo,negative
complaint handling dherai okay lagyo,neutral
malai waiting time thikkai lagyo,neutral
ma phone response bata just okay,neutral
malai bike servicing samanya lagyo,neutral
replacement parts worsened thiena,positive
yo garage dherai naramo lagyo,negative
yo thau ma reliable experience bhayo,positive
yo mechanic lastai late cha,negative
complaint handling ko quality bakbas cha,negative
engine repair use garda thikkai feel bhayo,neutral
repair cost dherai quality lagyo,positive
payment system majja thiyo tara late bhayo,negative
Malai delivery time thikkai lagyo,neutral
malai staff haru sahi lagyo,positive
yo auto workshop lastai honest cha,positive
replacement parts imandar cha tara careless cha,negative
yo auto workshop lastai majja cha,positive
engine condition sahyog bhaena,negative
service time duplicate parts,negative
yo servicing center ma value for money,positive
yo bill lastai thikai cha,neutral
malai replacement parts nice lagena,negative
repair time khera cha tara friendly cha,positive
yo thau lastai bhorosa cha,positive
phone response satisfied chaina,negative
YO MECHANIC SHOP OK CHHA,neutral
yo bill pura risaune chaina,positive
yo spare parts bharpardo chha tara samasya cha,negative
yo workshop kaam sakiyo,neutral
yo bill awesome cha tara frustrated cha,negative
yo garage duplicate cha tara recommend cha,positive
ma yo charge bata top quality,positive
ma support team bata worth it,positive
maintenance service lastai dhanyabad cha,positive
"yo thau friendly pani cha, dhokha pani cha",neutral
yo place ekdam average chha,neutral
ma yo price bata kaam sakiyo,neutral
"yo garage ma chitto cha, cheat pani cha",neutral
PHONE RESPONSE MA PAISA KHERA,negative
"parts replacement sahayogi pani cha, awful pani cha",neutral
malai yo mechanic okay lagyo,neutral
delivery time ma average experience bhayo,neutral
yo bill ma used parts,negative
yo auto workshop dherai ok lagyo,neutral
"yo price santusta pani cha, rubbish pani cha",neutral
repair time dherai thikai lagyo,neutral
service cost duplicate parts,negative
mero bike condition ma best experience bhayo,positive
waiting time bakwas cha tara great chha,positive
complaint handling ko quality safa cha,positive
yo charge lastai quick cha,positive
Mero experience dherai jhur lagyo,negative
staff haru fake chaina,positive
bill amount ko barema thikai cha,neutral
"payment system ma gajjab cha, slow pani cha",neutral
yo servicing pura worst chaina,positive
overall experience ekdam okay cha,neutral
vehicle performance ko barema recommend gardina,negative
repair cost lastai luteko cha,negative
waiting time ekdam ok cha,neutral
delivery time lastai gajjab cha,positive
engine kaam lastai thikai cha,neutral
"brake system fast pani cha, scam pani cha",neutral
yo workshop engine check,neutral
replacement parts ma faltu experience bhayo,negative
yo spare parts dherai mitho lagyo,positive
car servicing jhur chha tara sahi cha,positive
engine condition ekdam raamro cha,positive
yo servicing dherai samanya lagyo,neutral
customer service use garda galti feel bhayo,negative
"yo mechanic shop bhorosilo pani cha, dukha pani chha",neutral
malai mero car condition affordable lagyo,positive
staff haru ma low quality,negative
parts quality normal cha,neutral
delivery time ko barema original parts,positive
maintenance service poor chaina,positive
yo bill pura rubbish chaina,positive
yo spare parts ma just okay,neutral
TYRE CONDITION USE GARDA DURABLE FEEL BHAYO,positive
car servicing ma hawa experience bhayo,negative
staff haru sundar thiena,negative
phone response ma damage bhayo,negative
malai support team phutyo lagena,positive
staff haru sipalu cha tara naramro cha,negative
engine kaam ma ramro bhayo,positive
mero bike condition lastai damage cha,negative
waiting time bhalo bhaena,negative
yo charge ko quality careless cha,negative
engine condition phutyo thiyo tara helpful bhayo,positive
ma yo price bata kaam adhuro,negative
service cost bhalo cha tara samasya cha,negative
malai vehicle performance recommend lagyo,positive
"customer service ma cheap cha, rubbish pani cha",neutral
engine repair ramro bhayo,positive
billing system on time,positive
engine kaam ma on time,positive
"engine kaam babbal pani cha, rude pani cha",neutral
maintenance service ko quality affordable chha,positive
yo place use garda dhanyabad feel bhayo,positive
malai yo servicing terrible lagena,positive
yo mechanic dai use garda genuine feel bhayo,positive
repair time asal cha,positive
car servicing ma ramro lagyo,positive
repair cost ekdam fast cha,positive
yo thau use garda chitto feel bhayo,positive
"battery service ma helpful cha, careless pani cha",neutral
service cost ko barema recommend gardina,negative
customer service ko barema on time,positive
malai engine condition good lagena,negative
malai yo place bekar lagena,positive
worker haru disappointed cha,negative
mero car condition thikkai cha,neutral
mero experience lastai unprofessional cha,negative
overall experience lastai chitto cha,positive
repair cost ko quality smooth cha,positive
engine condition ma samanya experience bhayo,neutral
malai yo auto workshop safa lagena,negative
mero car condition lastai frustrated cha,negative
service time satisfied cha,positive
maintenance service ko barema ali thik,neutral
"overall experience ma great cha, jhur pani cha",neutral
ma yo repair service bata chitta bujhyo,positive
bill amount ma sifaris experience bhayo,positive
repair time ma service bhayo,neutral
replacement parts awesome thiyo tara mahango bhayo,negative
yo charge safa cha tara jhutho cha,negative
WORKER HARU NO RESPONSE,negative
ma customer service bata problem solve bhayo,positive
yo mechanic shop ekdam thag cha,negative
service time ma highly recommend,positive
yo garage bhalo cha tara naramro cha,negative
YO PRICE QUALITY CHA,positive
overall experience awful thiyo tara mast bhayo,positive
customer service honest thiyo tara careless bhayo,negative
car servicing dhokha cha,negative
yo charge lajawab thiyo tara unprofessional bhayo,negative
yo mechanic dai quality bhaena,negative
yo servicing center thikai cha,neutral
repair cost khusi thiyo tara mahengo bhayo,negative
MALAI YO SPARE PARTS AWESOME LAGYO,positive
yo servicing center ma ok experience bhayo,neutral
car servicing ma engine bigriyo,negative
yo auto workshop ko quality sipalu cha,positive
malai support team professional lagena,negative
MALAI YO PRICE THIKKAI LAGYO,neutral
vehicle performance thag cha,negative
tyre condition ekdam waste cha,negative
"mero bike condition genuine pani cha, terrible pani cha",neutral
"yo spare parts ma honest cha, na ramro pani cha",neutral
service time ok cha,neutral
yo spare parts lastai sifaris cha,positive
Mero car condition ekdam worsened cha,negative
yo mechanic dai bharpardo bhaena,negative
tyre condition ko barema thik jasto,neutral
engine repair okay cha,neutral
mero car condition ko barema engine bigriyo,negative
payment system ramrari thiyo tara raddi bhayo,negative
malai mero experience normal lagyo,neutral
engine repair ma normal experience bhayo,neutral
brake system normal cha,neutral
battery service use garda sifaris feel bhayo,positive
yo workshop dherai careless lagyo,negative
yo servicing center angry thiyo tara ramro bhayo,positive
staff haru ekdam lajawab cha,positive
YO MECHANIC DAI KO QUALITY JHYAU CHA,negative
engine condition ko quality professional cha,positive
YO MECHANIC USE GARDA RAAMRO FEEL BHAYO,positive
ENGINE KAAM ASAL CHA TARA FRAUD CHA,negative
support team ramro cha,positive
COMPLAINT HANDLING BHOROSILO CHAINA,negative
car servicing ramro lagena,negative
ma vehicle performance bata on time,positive
"repair cost ma recommend cha, nikamma pani cha",neutral
payment system use garda overpriced feel bhayo,negative
yo auto workshop avoid garnu,negative
malai parts quality delay lagyo,negative
engine kaam ko quality cheat cha,negative
car servicing use garda ignored feel bhayo,negative
mero experience use garda perfect feel bhayo,positive
malai yo servicing center dhila lagena,positive
tyre condition ekdam mahengo chha,negative
engine condition ko quality average cha,neutral
support team ko barema man paryo,positive
complaint handling ekdam santusta cha,positive
yo price useless cha tara good cha,positive
waiting time ekdam safa cha,positive
yo bill lastai sifaris cha,positive
malai yo mechanic angry lagena,positive
malai yo servicing thag lagyo,negative
yo mechanic naramo thiyo tara chitto bhayo,positive
ma yo technician bata service bhayo,neutral
yo mechanic shop reliable thiena,negative
bill amount ma dukha experience bhayo,negative
overall experience use garda thikkai feel bhayo,neutral
engine repair ma mahengo experience bhayo,negative
bill amount dherai dukha lagyo,negative
"yo bill ma sahayogi cha, late pani cha",neutral
MA OVERALL EXPERIENCE BATA MAN PARYO,positive
yo technician ma on time,positive
Yo servicing center mahango bhaena,positive
engine repair ko barema paisa khera,negative
Yo servicing dhokha thiyo tara nice bhayo,positive
yo bill dherai excellent lagyo,positive
yo technician ko quality imandar cha,positive
service time dherai samanya lagyo,neutral
malai yo mechanic dai thikkai lagyo,neutral
mero car condition ma on time,positive
yo spare parts ko barema just okay,neutral
yo technician bakbas thiyo tara bhorosa bhayo,positive
malai yo charge average lagyo,neutral
mero car condition ma so so,neutral
complaint handling pura useless chaina,positive
repair time ma thik bhayo,positive
waiting time use garda average feel bhayo,neutral
customer service ko quality awful cha,negative
ma customer service bata highly recommend,positive
brake system ma top quality,positive
mero bike condition dherai chitto lagyo,positive
yo mechanic dai dherai durable lagyo,positive
yo auto workshop satisfied chaina,negative
engine condition imandar cha,positive
billing system dukha thiena,positive
yo place ma naramro experience bhayo,negative
yo technician sifaris thiena,negative
brake system ramaro chaina,negative
billing system risaune chaina,positive
yo repair service ekdam average cha,neutral
bike servicing dherai ok lagyo,neutral
waiting time ma use nagarnu,negative
delivery time ko barema worth it,positive
yo technician ko quality smooth cha,positive
ma service cost bata service bhayo,neutral
yo bill ekdam thik chha,neutral
PAYMENT SYSTEM AVOID GARNU,negative
malai mero experience mitho lagyo,positive
bill amount dherai thik lagyo,neutral
Malai maintenance service mast lagyo,positive
parts replacement ma sifaris experience bhayo,positive
malai yo workshop thik lagyo,neutral
waiting time pura mahango chaina,positive
"yo spare parts ma raamro cha, delay pani cha",neutral
yo servicing use garda dhokha feel bhayo,negative
"yo place recommend pani cha, risaune pani cha",neutral
staff haru ko barema engine check,neutral
brake system bad cha tara excellent cha,positive
Payment system ma good experience bhayo,positive
phone response jabardast cha tara bekar cha,negative
yo garage kaam bhayo,neutral
malai replacement parts bekar lagyo,negative
yo workshop ma dhokha experience bhayo,negative
service time ko quality great cha,positive
ma brake condition bata thik jasto,neutral
repair time ok cha,neutral
Mero experience sasto bhaena,negative
Engine kaam ekdam okay cha,neutral
PARTS QUALITY PURA DAMAGE CHAINA,positive
staff haru ma cheap experience bhayo,positive
repair cost ekdam damage chha,negative
waiting time use garda jhutho feel bhayo,negative
"yo repair service sahyog pani cha, adhuro pani cha",neutral
YO SERVICING CENTER DHOKHA CHA,negative
worker haru naramro thiyo tara durable bhayo,positive
repair time ko quality dukha cha,negative
Malai parts replacement naramro lagyo,negative
yo technician ko barema smooth cha,positive
mero bike condition friendly thiyo tara slow bhayo,negative
service time dherai bhorosilo lagyo,positive
Yo garage lastai bhorosilo cha,positive
payment system ekdam khera chha,negative
yo charge normal cha,neutral
yo mechanic shop ko barema on time,positive
staff haru problem thiena,positive
vehicle performance duplicate parts,negative
malai engine condition friendly lagena,negative
tyre condition chor cha tara sahyog cha,positive
yo technician annoyed cha tara quality chha,positive
engine repair ma prasanna experience bhayo,positive
yo bill dherai sifaris lagyo,positive
malai yo repair service jhyau lagena,positive
ma repair cost bata duplicate parts,negative
yo place ma average experience bhayo,neutral
payment system use garda raamro feel bhayo,positive
phone response smooth thiyo tara pathetic bhayo,negative
malai complaint handling luteko lagyo,negative
Yo mechanic ko barema highly recommend,positive
mero car condition ko barema ali thik,neutral
yo charge pura fohor chaina,positive
vehicle performance ekdam ramro cha,positive
mero experience happy thiyo tara chor bhayo,negative
ENGINE CONDITION LASTAI THIKAI CHA,neutral
"Engine repair ma mitho cha, ignored pani cha",neutral
yo mechanic dai lastai sasto cha,positive
brake system ma engine bigriyo,negative
service cost ma oil change,neutral
ma bill amount bata avoid garnu,negative
yo servicing ma jabardast experience bhayo,positive
yo mechanic dai ko barema oil change,neutral
complaint handling use garda dhilo feel bhayo,negative
"overall experience ma majja cha, faltu pani cha",neutral
Tyre condition ma duplicate parts,negative
yo charge ma thikai experience bhayo,neutral
yo servicing lastai jhur cha,negative
customer service ko barema feri aauchu,positive
malai parts quality bhorosilo lagena,negative
yo servicing center recommend cha tara mahango cha,negative
delivery time ma thikkai experience bhayo,neutral
vehicle performance lastai annoyed cha,negative
"Yo garage gajjab pani cha, raddi pani chha",neutral
yo servicing damage thiyo tara quality bhayo,positive
mero car condition ekdam cheat cha,negative
yo mechanic shop lastai average cha,neutral
yo auto workshop jhanjhat thiyo tara santusta bhayo,positive
bike servicing nice chaina,negative
yo charge mahango bhaena,positive
yo auto workshop ko quality sundar cha,positive
car servicing frustrated cha,negative
yo price ma avoid garnu,negative
service time value for money,positive
malai repair cost thikai lagyo,neutral
mero car condition ko barema just okay,neutral
worker haru dhanyabad cha tara dhilo cha,negative
repair cost na ramro cha,negative
yo servicing center pura khera chaina,positive
yo bill lastai thik cha,neutral
"YO REPAIR SERVICE MA SMOOTH CHA, USELESS PANI CHA",neutral
car servicing ma delay experience bhayo,negative
phone response engine check,neutral
yo thau okay cha,neutral
mero bike condition ko barema smooth cha,positive
service cost sahayogi cha,positive
malai mero car condition fast lagena,negative
yo place santusta cha tara bigreko cha,negative
yo repair service good thiyo tara ghatiya bhayo,negative
Vehicle performance engine check,neutral
complaint handling lastai best chha,positive
yo garage ma ramro lagyo,positive
parts quality dherai ok lagyo,neutral
malai yo mechanic thik lagyo,neutral
"yo spare parts ma raamro cha, careless pani cha",neutral
parts quality lajawab bhaena,negative
mero bike condition ko barema man parena,negative
replacement parts ekdam thikkai cha,neutral
mero car condition dherai poor lagyo,negative
"waiting time ma nice cha, nikamma pani cha",neutral
yo thau thik bhayo,positive
"yo mechanic dai genuine pani cha, damage pani cha",neutral
ma mero car condition bata top quality,positive
engine repair ko quality kharab cha,negative
repair cost ko barema value for money,positive
malai yo mechanic dai normal lagyo,neutral
yo repair service dherai quick lagyo,positive
"service time ma quality cha, problem pani cha",neutral
malai complaint handling best lagena,negative
customer service avoid garnu,negative
ma yo mechanic bata service bhayo,neutral
yo servicing center ma normal experience bhayo,neutral
REPAIR TIME PURA DHILA CHAINA,positive
overall experience ekdam thikkai cha,neutral
staff haru fake parts,negative
malai bill amount thikkai lagyo,neutral
"BIKE SERVICING MA MAST CHA, RUBBISH PANI CHA",neutral
billing system quality thiena,negative
complaint handling faltu cha tara smooth cha,positive
mero car condition lastai imandar cha,positive
"phone response ma sifaris cha, nikamma pani chha",neutral
repair cost lajawab chaina,negative
YO THAU AVERAGE CHA,neutral
overall experience ko barema so so,neutral
service time top quality,positive
MALAI YO CHARGE OKAY LAGYO,neutral
malai yo servicing center samasya lagena,positive
service cost ma scam experience bhayo,negative
malai complaint handling adhuro lagyo,negative
car servicing duplicate thiyo tara reliable bhayo,positive
complaint handling dherai thikai lagyo,neutral
PARTS QUALITY RECOMMEND GARDINA,negative
vehicle performance pura ramrari chaina,negative
yo servicing center kaam bhayo,neutral
parts quality bhalo thiyo tara delay bhayo,negative
"engine repair ma dami cha, cheat pani cha",neutral
parts replacement ma ali thik,neutral
YO SERVICING CENTER LASTAI CHEAP CHA,positive
"complaint handling gajjab pani cha, dhokha pani cha",neutral
SUPPORT TEAM PURA SMOOTH CHAINA,negative
repair cost normal cha,neutral
OVERALL EXPERIENCE LASTAI SANTUSTA CHA,positive
MALAI PARTS QUALITY MAST LAGYO,positive
ma repair time bata kaam sakiyo,neutral
yo thau dherai hawa lagyo,negative
delivery time naramo bhaena,positive
ma service time bata purano parts,negative
yo workshop babbal thiyo tara naramo bhayo,negative
service time use garda prasanna feel bhayo,positive
Yo garage pura jhutho chaina,positive
malai mero experience disappointed lagena,positive
yo spare parts ramro thiena,negative
vehicle performance ma thik jasto,neutral
parts replacement ma ramro bhayena,negative
STAFF HARU FRAUD CHA TARA SAHAYOGI CHA,positive
MERO BIKE CONDITION SATISFIED THIENA,negative
battery service ko barema fake parts,negative
mero bike condition helpful thiyo tara expensive bhayo,negative
yo garage fraud bhaena,positive
yo workshop gajjab cha,positive
engine repair sasto cha,positive
maintenance service ma ok experience bhayo,neutral
complaint handling pura cheat chaina,positive
staff haru ko barema chitta bujhyo,positive
worker haru khera thiyo tara ramrari bhayo,positive
tyre condition ma top quality,positive
"mero bike condition sahayogi pani cha, samasya pani cha",neutral
malai yo thau thik lagyo,neutral
"YO BILL SANTUSTA PANI CHA, DUPLICATE PANI CHA",neutral
ma yo bill bata never again,negative
vehicle performance just okay,neutral
yo servicing use garda thag feel bhayo,negative
tyre condition waste cha,negative
ma yo repair service bata so so,neutral
Mero bike condition naraamro chaina,positive
yo servicing center great chaina,negative
YO BILL JHANJHAT THIYO TARA DHANYABAD BHAYO,positive
replacement parts lastai worst cha,negative
phone response pura angry chaina,positive
"parts replacement professional pani cha, thagi pani cha",neutral
ma yo price bata used parts,negative
"phone response fast pani cha, fake pani cha",neutral
"service cost helpful pani cha, jhutho pani cha",neutral
yo garage sifaris cha tara damage cha,negative
engine kaam ko quality dhanyabad chha,positive
staff haru ekdam thik cha,neutral
service time ma kaam sakiyo,neutral
mero experience ekdam kharab cha,negative
ma payment system bata kaam sakiyo,neutral
brake condition ma top quality,positive
mero experience ekdam normal cha,neutral
yo price ma nice experience bhayo,positive
billing system best cha tara jhur cha,negative
service time lastai fohor cha,negative
malai yo price frustrated lagena,positive
"VEHICLE PERFORMANCE MA PRASANNA CHA, RUBBISH PANI CHA",neutral
malai brake system chitto lagyo,positive
payment system dhilo chaina,positive
engine repair satisfied chaina,negative
yo servicing center use garda great feel bhayo,positive
REPLACEMENT PARTS KO QUALITY PROBLEM CHA,negative
yo technician so so,neutral
battery service ko barema kaam bhayo,neutral
"parts replacement ma chitto cha, annoyed pani cha",neutral
MALAI REPAIR COST MAHENGO LAGYO,negative
parts replacement ko barema feri aauchu,positive
YO GARAGE MA USE NAGARNU,negative
yo technician use garda pathetic feel bhayo,negative
malai parts quality quick lagyo,positive
yo spare parts ko barema avoid garnu,negative
malai yo auto workshop ignored lagena,positive
yo mechanic shop man paryo,positive
yo auto workshop ko quality thikkai cha,neutral
malai yo mechanic shop okay lagyo,neutral
ma billing system bata ali thik,neutral
car servicing helpful cha tara poor chha,negative
"maintenance service ma prasanna cha, chor pani cha",neutral
yo workshop reliable cha,positive
yo servicing center ekdam faltu cha,negative
engine kaam ko barema chitta bujhyo,positive
billing system frustrated bhaena,positive
malai yo servicing chitto lagena,negative
mero car condition ko quality sahayogi cha,positive
yo repair service ko barema chitta bujhyo,positive
staff haru ekdam normal cha,neutral
mero experience majja bhaena,negative
Mero car condition dherai ok lagyo,neutral
STAFF HARU ORIGINAL PARTS,positive
repair cost satisfied cha,positive
engine repair use garda thikai feel bhayo,neutral
YO BILL DHERAI PRASANNA LAGYO,positive
yo mechanic dai dherai thikai lagyo,neutral
yo charge lastai reasonable cha,positive
repair cost unprofessional cha tara ramaro cha,positive
engine condition jabardast thiyo tara naramro bhayo,negative
bill amount rubbish cha,negative
yo charge naramro thiyo tara professional bhayo,positive
complaint handling ko quality faltu cha,negative
yo mechanic angry thiyo tara durable bhayo,positive
yo place use garda bekar feel bhayo,negative
support team use garda reasonable feel bhayo,positive
ma overall experience bata ramro bhayo,positive
yo workshop genuine chha,positive
yo mechanic dai sahayogi cha tara naramro cha,negative
maintenance service ko barema service bhayo,neutral
waiting time ma ruksha experience bhayo,negative
vehicle performance purano parts,negative
yo charge ko quality smooth cha,positive
Tyre condition bhorosa thiyo tara bakbas bhayo,negative
YO THAU MAST THIYO TARA PROBLEM BHAYO,negative
vehicle performance ma thikkai experience bhayo,neutral
"bike servicing ma recommend cha, naramo pani cha",neutral
vehicle performance use garda naramro feel bhayo,negative
Malai tyre condition best lagena,negative
bill amount ma so so,neutral
complaint handling sundar thiyo tara worsened bhayo,negative
yo repair service top quality,positive
"yo thau ma awesome cha, bakwas pani cha",neutral
staff haru dherai thikkai lagyo,neutral
ma waiting time bata fake parts,negative
worker haru ko barema thik garena,negative
maintenance service samasya cha,negative
engine kaam dherai raamro lagyo,positive
brake system luteko thiena,positive
malai yo place galti lagena,positive
yo workshop ramaro cha,positive
malai mero experience average lagyo,neutral
mero car condition dherai lajawab lagyo,positive
engine kaam thagi chaina,positive
malai yo mechanic dai angry lagena,positive
yo mechanic shop ma chor experience bhayo,negative
service time ko quality samanya cha,neutral
yo technician ko barema problem solve bhayo,positive
vehicle performance lastai okay cha,neutral
yo mechanic pura mast chaina,negative
yo thau lastai normal cha,neutral
"parts quality ma jabardast cha, risaune pani cha",neutral
staff haru ma waste of money,negative
delivery time dherai okay lagyo,neutral
yo mechanic dai ekdam disappointed cha,negative
"support team perfect pani cha, awful pani cha",neutral
malai yo thau dhokha lagyo,negative
yo mechanic dai top quality,positive
yo bill imandar cha,positive
maintenance service damage bhayo,negative
yo spare parts ekdam kharab cha,negative
tyre condition ekdam khera chha,negative
bike servicing naraamro bhaena,positive
repair time dherai sifaris lagyo,positive
vehicle performance ko quality annoyed cha,negative
ma replacement parts bata engine check,neutral
ma yo charge bata thik garena,negative
customer service bad chaina,positive
mero car condition ko barema on time,positive
waiting time ekdam normal cha,neutral
service time ma ali thik,neutral
mero bike condition ko quality damage cha,negative
brake condition ekdam naramro cha,negative
repair time use garda okay feel bhayo,neutral
yo repair service dherai dhila lagyo,negative
engine repair ekdam average cha,neutral
brake condition ko quality thik cha,neutral
staff haru bakwas cha,negative
"tyre condition santusta pani cha, overpriced pani cha",neutral
ma yo mechanic dai bata highly recommend,positive
service cost awesome thiyo tara rude bhayo,negative
worker haru pura jhur chaina,positive
replacement parts bharpardo cha,positive
bill amount ko barema just okay,neutral
replacement parts ko barema no response,negative
malai yo place reliable lagyo,positive
"Service time ramro pani cha, expensive pani cha",neutral
yo mechanic ma thikai experience bhayo,neutral
malai vehicle performance ramaro lagyo,positive
mero car condition worth it,positive
MALAI BILLING SYSTEM THAGI LAGYO,negative
overall experience original parts,positive
yo place use garda thikkai feel bhayo,neutral
yo auto workshop ma not recommended,negative
yo mechanic lastai average cha,neutral
replacement parts frustrated chaina,positive
engine kaam top quality,positive
service cost so so,neutral
payment system bhalo cha tara fraud cha,negative
tyre condition ko quality samanya chha,neutral
ma support team bata ramro bhayo,positive
yo auto workshop lastai bhorosa chha,positive
malai yo servicing khusi lagyo,positive
Malai waiting time worsened lagena,positive
"waiting time mast pani cha, bekar pani chha",neutral
malai brake condition naraamro lagyo,negative
brake system ko quality normal cha,neutral
"replacement parts reasonable pani cha, mahengo pani chha",neutral
"YO MECHANIC SHOP MA SATISFIED CHA, DHILO PANI CHA",neutral
brake condition ma thag experience bhayo,negative
Tyre condition mahango cha tara recommend cha,positive
car servicing ma engine check,neutral
support team ma bakwas experience bhayo,negative
ma car servicing bata chitta bujhyo,positive
mero car condition use garda thikkai feel bhayo,neutral
engine repair use garda dukha feel bhayo,negative
ENGINE CONDITION PURA SATISFIED CHAINA,negative
"engine condition santusta pani cha, delay pani cha",neutral
Yo auto workshop ko quality thag cha,negative
Yo place dhila cha tara cheap cha,positive
worker haru ko barema on time,positive
customer service dherai dami lagyo,positive
yo mechanic jabardast thiena,negative
parts quality ma ghatiya experience bhayo,negative
yo charge ma fraud experience bhayo,negative
worker haru ma normal experience bhayo,neutral
ma engine kaam bata waste of money,negative
malai yo repair service adhuro lagena,positive
billing system thik garena,negative
battery service terrible thiena,positive
support team ma paisa khera,negative
bike servicing chitto cha tara annoyed cha,negative
"yo workshop majja pani cha, jhur pani cha",neutral
malai support team mitho lagena,negative
yo garage ma thik jasto,neutral
yo thau dherai thik lagyo,neutral
malai engine repair sahi lagyo,positive
"battery service safa pani cha, bigreko pani cha",neutral
battery service ekdam thik cha,neutral
yo servicing ma bakbas experience bhayo,negative
Malai brake system ramaro lagyo,positive
MA MAINTENANCE SERVICE BATA FAKE PARTS,negative
battery service use garda okay feel bhayo,neutral
yo price use garda thikkai feel bhayo,neutral
malai billing system cheap lagyo,positive
YO PLACE LASTAI GAJJAB CHA,positive
overall experience unprofessional thiyo tara awesome bhayo,positive
yo technician worth it,positive
complaint handling ma ok experience bhayo,neutral
yo garage use garda majja feel bhayo,positive
parts quality thikai cha,neutral
yo garage luteko cha,negative
ma parts quality bata low quality,negative
MERO BIKE CONDITION SIPALU CHHA TARA DUKHA CHA,negative
yo repair service pura helpful chaina,negative
"phone response quality pani cha, mahengo pani cha",neutral
repair cost ali thik,neutral
malai battery service phutyo lagena,positive
bike servicing lastai thik cha,neutral
service time dherai badhiya lagyo,positive
Brake system ekdam kharab cha,negative
yo servicing okay cha,neutral
"vehicle performance bharpardo pani cha, khera pani cha",neutral
waiting time thikai cha,neutral
Ma phone response bata so so,neutral
repair time use garda genuine feel bhayo,positive
yo auto workshop ekdam unprofessional cha,negative
replacement parts lastai unprofessional cha,negative
staff haru rude thiena,positive
yo repair service ko quality ok cha,neutral
yo place duplicate bhaena,positive
service time ma jhur experience bhayo,negative
tyre condition pura babbal chaina,negative
billing system ma on time,positive
mero experience ramro bhayena,negative
yo mechanic dai ma oil change,neutral
yo mechanic dai ma friendly experience bhayo,positive
replacement parts professional cha,positive
yo bill lastai lajawab cha,positive
ma yo spare parts bata so so,neutral
"billing system quality pani cha, poor pani cha",neutral
complaint handling ko barema highly recommend,positive
ma bike servicing bata so so,neutral
ma engine kaam bata smooth cha,positive
"Customer service chitto pani cha, fraud pani cha",neutral
Ma yo bill bata kaam sakiyo,neutral
yo servicing dherai raamro lagyo,positive
yo mechanic ko quality ok cha,neutral
yo technician ko quality naraamro cha,negative
worker haru dherai bakwas lagyo,negative
"BATTERY SERVICE MA SIPALU CHA, HAWA PANI CHHA",neutral
yo workshop ekdam okay cha,neutral
WAITING TIME KO QUALITY HELPFUL CHA,positive
mero bike condition majja thiena,negative
yo price original parts,positive
mero bike condition dherai thagi lagyo,negative
Bill amount ekdam thikkai cha,neutral
ma complaint handling bata kaam adhuro,negative
brake system damage cha tara imandar cha,positive
yo auto workshop dherai bharpardo lagyo,positive
malai waiting time recommend lagena,negative
yo servicing sahi thiyo tara mahango bhayo,negative
car servicing sahayogi cha tara jhur cha,negative
replacement parts ma extra charge,negative
staff haru ko quality best chha,positive
ma yo workshop bata ramro lagyo,positive
TYRE CONDITION DELAY THIYO TARA REASONABLE BHAYO,positive
ma complaint handling bata ramro lagyo,positive
"phone response ma perfect cha, naraamro pani cha",neutral
delivery time pura raddi chaina,positive
Yo servicing use garda dukha feel bhayo,negative
replacement parts khera bhaena,positive
"yo bill ma sundar cha, unprofessional pani cha",neutral
malai repair cost okay lagyo,neutral
tyre condition ko barema hidden charge,negative
vehicle performance awesome cha tara naramo cha,negative
worker haru pura thagi chaina,positive
overall experience ma ok experience bhayo,neutral
yo place ekdam sipalu cha,positive
ma replacement parts bata no response,negative
ma yo servicing center bata engine bigriyo,negative
"STAFF HARU ASAL PANI CHA, DHILO PANI CHA",neutral
tyre condition use garda rude feel bhayo,negative
"parts quality ma mast cha, hawa pani cha",neutral
billing system use garda frustrated feel bhayo,negative
car servicing ko quality thik cha,neutral
ma payment system bata thik garena,negative
"support team ma bhorosilo cha, annoyed pani cha",neutral
malai yo mechanic shop slow lagyo,negative
car servicing dherai average lagyo,neutral
waiting time dherai professional lagyo,positive
malai yo mechanic dai bakwas lagyo,negative
yo spare parts use garda majja feel bhayo,positive
malai staff haru ruksha lagyo,negative
yo technician ma used parts,negative
repair cost ko barema on time,positive
yo mechanic pura hawa chaina,positive
engine kaam oil change,neutral
yo thau lastai careless cha,negative
yo garage ko quality badhiya cha,positive
ma mero car condition bata purano parts,negative
yo auto workshop majja thiena,negative
yo place ekdam overpriced cha,negative
yo mechanic shop ko barema worth it,positive
ma engine repair bata engine check,neutral
"yo servicing genuine pani cha, damage pani cha",neutral
Customer service ko quality best cha,positive
brake condition ko quality sahi cha,positive
overall experience lastai bharpardo cha,positive
yo servicing center ko barema man parena,negative
service cost lastai normal cha,neutral
"maintenance service sipalu pani cha, samasya pani cha",neutral
mero car condition ramro bhayo,positive
yo servicing so so,neutral
yo price ko barema kaam adhuro,negative
repair cost ramro lagyo,positive
malai staff haru luteko lagena,positive
yo charge dherai sifaris lagyo,positive
ma brake condition bata ramro bhayena,negative
yo mechanic dai lastai okay cha,neutral
parts quality use garda average feel bhayo,neutral
YO MECHANIC DAI MA THIKKAI EXPERIENCE BHAYO,neutral
yo thau ma worth it,positive
Mero experience use garda thikkai feel bhayo,neutral
Malai yo mechanic chitto lagyo,positive
malai complaint handling gajjab lagena,negative
OVERALL EXPERIENCE LASTAI THIK CHA,neutral
YO AUTO WORKSHOP KO QUALITY THIKAI CHA,neutral
payment system ma thik jasto,neutral
worker haru ekdam bhalo cha,positive
yo workshop excellent cha tara expensive cha,negative
brake system use garda friendly feel bhayo,positive
MA BATTERY SERVICE BATA CHITTA BUJHYO,positive
repair time dherai normal lagyo,neutral
yo spare parts ma so so,neutral
"Yo spare parts dhanyabad pani cha, waste pani cha",neutral
waiting time ma so so,neutral
engine kaam ramro thiena,negative
REPLACEMENT PARTS LASTAI OK CHA,neutral
staff haru pura fraud chaina,positive
waiting time dherai normal lagyo,neutral
yo place ko quality thikkai cha,neutral
ma yo servicing bata never again,negative
phone response lastai perfect cha,positive
yo mechanic dai ko quality smooth cha,positive
vehicle performance ma rude experience bhayo,negative
mero experience dhokha thiyo tara gajjab bhayo,positive
bill amount ma ali thik,neutral
BILLING SYSTEM KO BAREMA JUST OKAY,neutral
billing system quality chha tara rubbish cha,negative
repair cost quality cha tara phutyo cha,negative
Yo mechanic dai use garda ok feel bhayo,neutral
yo servicing dherai rude lagyo,negative
Malai repair cost best lagyo,positive
MAINTENANCE SERVICE PURA JHANJHAT CHAINA,positive
"maintenance service recommend pani cha, rubbish pani cha",neutral
"repair cost ramro pani cha, unprofessional pani cha",neutral
repair time khera thiena,positive
phone response ma satisfied chaina,negative
Yo price ma oil change,neutral
yo bill babbal thiyo tara scam bhayo,negative
staff haru pura awesome chaina,negative
ma engine repair bata value for money,positive
brake system ko quality thagi cha,negative
billing system khera cha,negative
Yo servicing center ko barema man paryo,positive
yo garage dherai normal lagyo,neutral
yo mechanic mahango cha,negative
waiting time ko barema thik garena,negative
yo place kaam bhayo,neutral
battery service lastai lajawab cha,positive
maintenance service ko barema original parts,positive
service cost good chaina,negative
engine repair sifaris chaina,negative
"yo place jabardast pani cha, careless pani cha",neutral
yo place so so,neutral
malai delivery time naramro lagyo,negative
yo mechanic dai ma kaam sakiyo,neutral
battery service ma thik bhayo,positive
yo place lastai honest cha,positive
service cost badhiya cha,positive
Bill amount majja cha,positive
WORKER HARU EXCELLENT CHAINA,negative
staff haru ma feri aauchu,positive
repair cost pura smooth chaina,negative
yo charge ruksha chaina,positive
yo technician pura cheat chaina,positive
"overall experience awesome pani cha, mahengo pani cha",neutral
yo charge oil change,neutral
"support team ma bharpardo cha, dhilo pani cha",neutral
vehicle performance ekdam duplicate chha,negative
maintenance service dherai thik lagyo,neutral
SUPPORT TEAM KO BAREMA SAME ISSUE,negative
parts replacement dherai average lagyo,neutral
mero bike condition pura waste chaina,positive
engine repair ekdam naramro cha,negative
yo repair service ko quality sahyog cha,positive
brake system pathetic thiyo tara chitto bhayo,positive
yo servicing center majja cha tara careless cha,negative
"Support team helpful pani cha, luteko pani cha",neutral
worker haru ko quality bad chha,negative
parts quality ekdam ok chha,neutral
parts replacement normal cha,neutral
"yo repair service ma awesome cha, angry pani cha",neutral
brake condition ko barema ali thik,neutral
yo workshop feri aauchu,positive
malai waiting time quick lagena,negative
yo servicing center dherai thikai lagyo,neutral
engine repair lastai affordable cha,positive
"yo technician friendly pani cha, annoyed pani cha",neutral
yo servicing center never again,negative
yo place ko barema paisa khera,negative
Support team ko barema feri aauchu,positive
malai yo mechanic worsened lagyo,negative
service cost feri aauchu,positive
YO SERVICING USE GARDA RAMARO FEEL BHAYO,positive
"yo mechanic shop good pani cha, fake pani cha",neutral
yo bill thagi chaina,positive
Ma car servicing bata on time,positive
Yo servicing center overpriced thiena,positive
yo mechanic dai dherai jhyau lagyo,negative
"worker haru ma reliable cha, fake pani cha",neutral
malai yo charge raamro lagena,negative
engine repair dherai average lagyo,neutral
yo servicing ma kaam sakiyo,neutral
"support team friendly pani cha, mahengo pani cha",neutral
Yo technician avoid garnu,negative
yo mechanic shop ruksha cha tara sifaris cha,positive
SERVICE TIME PURA LAJAWAB CHAINA,negative
"ENGINE CONDITION BHALO PANI CHA, JHYAU PANI CHA",neutral
customer service use garda quick feel bhayo,positive
delivery time dherai honest lagyo,positive
YO REPAIR SERVICE KO BAREMA JUST OKAY,neutral
car servicing ko quality okay chha,neutral
yo mechanic shop friendly bhaena,negative
yo spare parts ma bad experience bhayo,negative
brake system lastai thikkai cha,neutral
yo garage ekdam okay chha,neutral
yo charge ramro bhayo,positive
"mero experience ma sahyog cha, jhutho pani cha",neutral
ma yo charge bata feri aauchu,positive
staff haru use garda samasya feel bhayo,negative
"maintenance service ma quick cha, jhanjhat pani cha",neutral
"staff haru ma sahyog cha, bekar pani cha",neutral
malai engine kaam good lagyo,positive
Phone response pura useless chaina,positive
malai repair time fraud lagena,positive
mero car condition lastai honest cha,positive
mero experience use garda normal feel bhayo,neutral
maintenance service ma low quality,negative
brake condition ekdam worsened cha,negative
battery service dherai majja lagyo,positive
malai overall experience okay lagyo,neutral
yo garage ko barema service bhayo,neutral
malai engine condition cheat lagyo,negative
yo charge ekdam quick cha,positive
yo repair service ko barema on time,positive
repair time lastai excellent cha,positive
yo workshop ekdam terrible cha,negative
YO CHARGE DHERAI OK LAGYO,neutral
ma mero bike condition bata engine check,neutral
"YO MECHANIC SHOP MA IMANDAR CHA, DUKHA PANI CHA",neutral
yo servicing center ko barema kaam bhayo,neutral
overall experience ko barema ali thik,neutral
delivery time phutyo thiena,positive
malai brake condition ignored lagena,positive
parts replacement use garda okay feel bhayo,neutral
malai waiting time ok lagyo,neutral
"customer service cheap pani cha, raddi pani cha",neutral
vehicle performance ekdam slow cha,negative
yo mechanic shop use garda okay feel bhayo,neutral
delivery time ekdam honest cha,positive
engine kaam lastai normal cha,neutral
service time jhyau cha tara happy cha,positive
yo technician ma normal experience bhayo,neutral
yo workshop ko barema man parena,negative
bill amount ma ramro bhayo,positive
yo garage lastai sahyog cha,positive
parts quality adhuro cha tara mast cha,positive
ma bike servicing bata extra charge,negative
yo charge ma so so,neutral
tyre condition ma thik jasto,neutral
mero bike condition ko barema top quality,positive
bike servicing use garda happy feel bhayo,positive
ma tyre condition bata so so,neutral
battery service lastai ok cha,neutral
brake system lastai dhanyabad cha,positive
yo spare parts nice cha tara thagi cha,negative
mero bike condition dherai babbal lagyo,positive
complaint handling dherai chitto lagyo,positive
parts replacement ko quality risaune cha,negative
yo spare parts dherai normal lagyo,neutral
customer service ma worth it,positive
"customer service ma helpful cha, adhuro pani cha",neutral
"yo mechanic santusta pani cha, ghatiya pani cha",neutral
malai service cost ramrari lagena,negative
malai bike servicing okay lagyo,neutral
yo servicing center mitho cha tara angry cha,negative
repair time ko barema problem solve bhayo,positive
yo place chitta bujhyo,positive
ma yo price bata ali thik,neutral
repair time fake chaina,positive
"tyre condition ma helpful cha, careless pani cha",neutral
yo workshop pura nice chaina,negative
vehicle performance ma jhutho experience bhayo,negative
malai service time gajjab lagyo,positive
"engine condition ma bharpardo cha, expensive pani cha",neutral
yo mechanic shop ma thik experience bhayo,neutral
yo technician mahango cha tara ramro cha,positive
parts quality ma thik experience bhayo,neutral
bill amount ko quality dami cha,positive
battery service ma okay experience bhayo,neutral
overall experience fraud thiyo tara affordable bhayo,positive
malai complaint handling dukha lagena,positive
brake system use garda thik feel bhayo,neutral
parts replacement thik bhayo,positive
malai mero bike condition bakbas lagyo,negative
yo spare parts ma used parts,negative
"yo price ma sahyog cha, dhila pani cha",neutral
parts quality annoyed cha,negative
yo mechanic ekdam normal cha,neutral
tyre condition ma thik experience bhayo,neutral
yo mechanic problem solve bhayo,positive
complaint handling dherai normal lagyo,neutral
parts quality ko barema use nagarnu,negative
malai yo garage nice lagyo,positive
bill amount ko quality ramrari cha,positive
Waiting time naramro cha tara imandar cha,positive
"yo servicing ma ramro cha, bekar pani cha",neutral
YO AUTO WORKSHOP USE GARDA SAMANYA FEEL BHAYO,neutral
delivery time ko quality excellent cha,positive
Customer service ko quality ok cha,neutral
SUPPORT TEAM MA THIKAI CHA,neutral
yo mechanic dai asal thiyo tara galti bhayo,negative
delivery time sipalu cha,positive
WAITING TIME EKDAM PROBLEM CHA,negative
yo auto workshop bigriyo thiyo tara sifaris bhayo,positive
repair cost naramro thiena,positive
yo charge ko barema fake parts,negative
"mero car condition excellent pani cha, worsened pani cha",neutral
worker haru ekdam professional chha,positive
bill amount sahyog thiyo tara cheat bhayo,negative
yo auto workshop lastai average cha,neutral
mero bike condition ko barema so so,neutral
"yo spare parts ma excellent cha, expensive pani cha",neutral
replacement parts thikkai cha,neutral
"repair time ramro pani cha, waste pani cha",neutral
complaint handling ko quality genuine cha,positive
yo repair service bhorosilo thiyo tara bad bhayo,negative
"complaint handling babbal pani cha, risaune pani cha",neutral
payment system reliable thiyo tara unprofessional bhayo,negative
malai service time ok lagyo,neutral
yo mechanic shop lastai normal cha,neutral
yo mechanic shop jhur bhaena,positive
replacement parts naramo bhaena,positive
malai customer service okay lagyo,neutral
yo bill ekdam average cha,neutral
engine repair ko barema ali thik,neutral
support team use garda bekar feel bhayo,negative
vehicle performance badhiya cha tara angry cha,negative
support team fast cha tara annoyed cha,negative
bill amount ko quality jhanjhat cha,negative
worker haru lastai chitto cha,positive
yo mechanic dai ekdam okay cha,neutral
ma yo mechanic shop bata engine bigriyo,negative
yo price ramro cha,positive
support team galti cha tara sahyog cha,positive
repair time ma annoyed experience bhayo,negative
malai overall experience mitho lagyo,positive
Maintenance service thik jasto,neutral
MALAI YO AUTO WORKSHOP ANGRY LAGENA,positive
engine kaam satisfied chaina,negative
battery service ko quality thikai cha,neutral
staff haru never again,negative
ma mero experience bata man parena,negative
service cost use garda bigreko feel bhayo,negative
parts replacement frustrated cha,negative
battery service lastai worsened cha,negative
yo price ko quality ruksha cha,negative
brake condition unprofessional thiyo tara babbal bhayo,positive
yo mechanic shop use garda ok feel bhayo,neutral
yo place ma overpriced experience bhayo,negative
malai engine kaam okay lagyo,neutral
service cost ko quality average cha,neutral
mero car condition lastai samasya cha,negative
yo mechanic dai use garda bhorosa feel bhayo,positive
engine condition ko barema no response,negative
yo mechanic imandar cha,positive
Phone response pura jhutho chaina,positive
Yo mechanic dai lastai average cha,neutral
car servicing thik cha,neutral
BRAKE SYSTEM MA THIK EXPERIENCE BHAYO,neutral
yo mechanic shop fast thiena,negative
yo repair service ko quality ramaro cha,positive
yo place sipalu thiyo tara overpriced bhayo,negative
bike servicing majja thiyo tara raddi bhayo,negative
Malai yo technician ok lagyo,neutral
yo charge thikkai cha,neutral
yo servicing center ekdam jabardast cha,positive
yo bill ma man paryo,positive
yo price sahayogi bhaena,negative
yo servicing center smooth cha,positive
brake system kaam sakiyo,neutral
engine repair ko barema service bhayo,neutral
delivery time okay chha,neutral
malai repair time bigriyo lagena,positive
yo spare parts use garda recommend feel bhayo,positive
support team lastai professional cha,positive
Yo repair service faltu thiena,positive
yo workshop lastai delay cha,negative
tyre condition lastai bad cha,negative
yo servicing center ko barema worth it,positive
yo repair service pura gajjab chaina,negative
service cost ekdam thikkai chha,neutral
Battery service dherai thikkai lagyo,neutral
YO CHARGE MA KAAM SAKIYO,neutral
MALAI REPLACEMENT PARTS ANNOYED LAGENA,positive
support team ma average experience bhayo,neutral
engine kaam worst cha tara chitto cha,positive
ma replacement parts bata waste of money,negative
engine kaam cheat thiyo tara asal bhayo,positive
MALAI BRAKE CONDITION THIKKAI LAGYO,neutral
overall experience ruksha cha tara raamro cha,positive
yo mechanic ko barema worth it,positive
yo bill ma bhorosa experience bhayo,positive
ma yo garage bata kaam adhuro,negative
yo charge dherai okay lagyo,neutral
yo mechanic dai dherai ok lagyo,neutral
tyre condition engine check,neutral
billing system pura worst chaina,positive
ma mero car condition bata service bhayo,neutral
repair cost ma top quality,positive
parts replacement lastai babbal cha,positive
ma yo garage bata so so,neutral
staff haru reasonable thiena,negative
yo technician bhalo cha tara dhokha cha,negative
service time raddi cha,negative
Bill amount affordable thiyo tara frustrated bhayo,negative
service time ko quality ok cha,neutral
"repair time ma sifaris cha, thag pani cha",neutral
Worker haru dherai mahengo lagyo,negative
yo servicing pura faltu chaina,positive
yo workshop ma samanya experience bhayo,neutral
ma support team bata purano parts,negative
Yo workshop ekdam bakbas cha,negative
yo auto workshop ekdam jhanjhat cha,negative
complaint handling jabardast bhaena,negative
tyre condition lajawab cha tara dhila cha,negative
yo spare parts ko barema thik jasto,neutral
yo workshop pura ramrari chaina,negative
MA YO GARAGE BATA CHITTA BUJHENA,negative
"staff haru recommend pani cha, unprofessional pani cha",neutral
YO MECHANIC GHATIYA CHA TARA SAHAYOGI CHA,positive
service time ko quality raamro cha,positive
customer service ma extra charge,negative
bike servicing ma raamro experience bhayo,positive
Malai yo workshop gajjab lagyo,positive
YO AUTO WORKSHOP LASTAI SAMANYA CHA,neutral
ma vehicle performance bata so so,neutral
"replacement parts ma jabardast cha, dhila pani cha",neutral
ma billing system bata smooth cha,positive
yo servicing center ma majja experience bhayo,positive
MALAI SERVICE COST CARELESS LAGENA,positive
"yo charge santusta pani cha, ghatiya pani cha",neutral
"engine repair santusta pani cha, ghatiya pani cha",neutral
phone response great chha,positive
yo servicing ma imandar experience bhayo,positive
ma customer service bata on time,positive
service time use garda mahango feel bhayo,negative
staff haru dherai average lagyo,neutral
yo price ma top quality,positive
malai tyre condition naramo lagyo,negative
battery service original parts,positive
yo mechanic dai use garda nikamma feel bhayo,negative
"bike servicing ma recommend cha, jhanjhat pani cha",neutral
engine repair jhyau chaina,positive
engine kaam use garda expensive feel bhayo,negative
"yo place perfect pani cha, overpriced pani cha",neutral
worker haru ramro cha tara dhila cha,negative
ma yo servicing center bata thik jasto,neutral
payment system lastai thikai cha,neutral
malai mero experience friendly lagyo,positive
yo charge ma just okay,neutral
support team ko barema thikai cha,neutral
customer service ko quality thik cha,neutral
maintenance service reasonable cha tara risaune cha,negative
WORKER HARU KO QUALITY THAG CHHA,negative
parts replacement lastai dhila cha,negative
billing system ko quality chitto cha,positive
bill amount dherai thikkai lagyo,neutral
support team use garda jhur feel bhayo,negative
brake system thik chha,neutral
malai vehicle performance babbal lagyo,positive
yo thau ko quality friendly cha,positive
engine repair top quality,positive
engine repair naraamro chaina,positive
repair time use garda babbal feel bhayo,positive
BRAKE CONDITION BEST THIENA,negative
yo repair service sipalu cha tara terrible chha,negative
tyre condition on time,positive
yo repair service ko quality slow cha,negative
bike servicing duplicate parts,negative
phone response use garda samanya feel bhayo,neutral
yo mechanic hidden charge,negative
delivery time dherai chor lagyo,negative
delivery time lastai sahyog cha,positive
payment system lastai average cha,neutral
brake condition lastai nikamma cha,negative
brake system pura good chaina,negative
vehicle performance helpful chaina,negative
brake condition jhutho cha tara genuine chha,positive
malai vehicle performance samanya lagyo,neutral
yo charge pura mahengo chaina,positive
yo mechanic shop lastai jhyau cha,negative
yo mechanic dai lastai dhokha cha,negative
parts quality use garda thikkai feel bhayo,neutral
"yo garage cheap pani cha, jhur pani cha",neutral
overall experience lastai sahayogi cha,positive
REPAIR TIME USE GARDA NORMAL FEEL BHAYO,neutral
yo charge ma top quality,positive
Brake condition quick chaina,negative
malai billing system santusta lagena,negative
yo spare parts honest cha tara galti cha,negative
parts replacement ma okay experience bhayo,neutral
yo thau khera chaina,positive
engine repair ma fohor experience bhayo,negative
parts replacement genuine thiena,negative
phone response ko barema hidden charge,negative
brake system lastai ramro cha,positive
ma bike servicing bata original parts,positive
battery service paisa khera,negative
payment system ko barema kaam bhayo,neutral
engine condition ma ramro bhayo,positive
worker haru ma man paryo,positive
mero experience thikkai cha,neutral
yo thau jhyau cha tara sahayogi cha,positive
staff haru ko quality gajjab cha,positive
yo mechanic ekdam khusi cha,positive
repair time thag cha tara fast cha,positive
support team reliable thiyo tara jhanjhat bhayo,negative
yo thau use garda thik feel bhayo,neutral
yo auto workshop professional bhaena,negative
engine kaam awful bhaena,positive
yo technician dherai ignored lagyo,negative
complaint handling jhyau chha,negative
yo technician dhokha chaina,positive
parts replacement pura gajjab chaina,negative
"yo garage dhanyabad pani cha, hawa pani chha",neutral
malai brake condition thikai lagyo,neutral
"VEHICLE PERFORMANCE MA CHITTO CHA, PROBLEM PANI CHA",neutral
yo servicing center ko quality thag cha,negative
overall experience use nagarnu,negative
mero experience lastai okay cha,neutral
repair cost prasanna cha,positive
billing system ekdam chor cha,negative
malai yo mechanic shop chor lagyo,negative
REPAIR COST EKDAM THIK CHA,neutral
yo servicing center ekdam affordable cha,positive
repair cost fake chaina,positive
Phone response ramaro thiyo tara worst bhayo,negative
malai complaint handling raddi lagyo,negative
"repair time bhalo pani cha, jhanjhat pani cha",neutral
delivery time damage cha tara reliable cha,positive
YO WORKSHOP BHARPARDO CHA,positive
Phone response use garda majja feel bhayo,positive
malai yo thau unprofessional lagyo,negative
engine kaam reasonable bhaena,negative
ma yo mechanic bata thik jasto,neutral
staff haru ekdam sasto cha,positive
"ENGINE REPAIR DAMI PANI CHA, CHEAT PANI CHA",neutral
yo bill ma worth it,positive
yo repair service dherai okay lagyo,neutral
service time quick chaina,negative
malai worker haru sahayogi lagena,negative
mero experience dherai babbal lagyo,positive
parts replacement raddi cha,negative
complaint handling ko quality ok cha,neutral
yo technician ko quality average cha,neutral
malai car servicing bhorosa lagena,negative
brake system ekdam okay cha,neutral
parts quality awful thiyo tara bhorosilo bhayo,positive
yo garage ma extra charge,negative
yo garage thik bhayo,positive
repair time ramrari chha tara fraud cha,negative
phone response chitto thiena,negative
engine repair ma good experience bhayo,positive
mero car condition average cha,neutral
engine repair dukha thiena,positive
phone response pura worst chaina,positive
yo spare parts risaune cha,negative
payment system bakwas cha,negative
yo charge ko quality samanya cha,neutral
yo mechanic dai extra charge,negative
repair cost khusi thiyo tara rubbish bhayo,negative
bill amount lastai thikai cha,neutral
yo mechanic damage bhayo,negative
engine repair ekdam normal cha,neutral
yo mechanic dai ma sifaris experience bhayo,positive
mero experience careless thiyo tara sundar bhayo,positive
replacement parts ali thik,neutral
billing system duplicate thiyo tara recommend bhayo,positive
car servicing use garda affordable feel bhayo,positive
yo price use garda ok feel bhayo,neutral
yo servicing center ma thikkai experience bhayo,neutral
delivery time ko quality fake cha,negative
mero experience lastai sundar cha,positive
ma bill amount bata oil change,neutral
yo garage use garda waste feel bhayo,negative
mero car condition happy cha tara fake cha,negative
complaint handling ko quality na ramro chha,negative
malai staff haru faltu lagyo,negative
YO MECHANIC DAI JABARDAST THIYO TARA THAG BHAYO,negative
bill amount ko barema top quality,positive
parts replacement ko barema thik jasto,neutral
mero bike condition ma thik jasto,neutral
parts quality ekdam average cha,neutral
yo price pura samasya chaina,positive
service time helpful bhaena,negative
ma brake condition bata man parena,negative
mero car condition fraud cha,negative
customer service bhorosilo cha tara naramo cha,negative
engine repair ekdam thik cha,neutral
Yo thau ekdam thikkai cha,neutral
replacement parts jhur cha,negative
yo mechanic scam thiena,positive
yo place ma man paryo,positive
mero bike condition faltu cha tara ramaro cha,positive
engine repair lastai dhila cha,negative
yo auto workshop worst thiyo tara chitto bhayo,positive
yo spare parts service bhayo,neutral
brake condition ma duplicate parts,negative
ma worker haru bata just okay,neutral
mero car condition normal cha,neutral
service time awesome thiyo tara naramo bhayo,negative
"yo mechanic fast pani cha, raddi pani cha",neutral
repair cost worsened cha,negative
billing system raddi bhaena,positive
YO BILL DHERAI THIK LAGYO,neutral
yo mechanic dai jhur cha tara happy cha,positive
vehicle performance ekdam thikkai chha,neutral
yo charge ghatiya thiyo tara friendly bhayo,positive
yo servicing mahengo chha tara nice cha,positive
overall experience ekdam delay chha,negative
brake condition ko quality ignored cha,negative
complaint handling ma engine check,neutral
mero bike condition ko quality happy cha,positive
car servicing ma imandar experience bhayo,positive
parts replacement thik jasto,neutral
Malai repair time okay lagyo,neutral
brake condition ma ali thik,neutral
mero car condition pura ghatiya chaina,positive
yo spare parts use garda bigreko feel bhayo,negative
YO SERVICING FERI AAUCHU,positive
bike servicing ma thik garena,negative
maintenance service thik bhayo,positive
malai support team dami lagena,negative
engine condition ko barema feri aauchu,positive
service cost fohor cha tara honest cha,positive
MA OVERALL EXPERIENCE BATA ALI THIK,neutral
DELIVERY TIME KO QUALITY NORMAL CHA,neutral
yo repair service dherai samanya lagyo,neutral
yo bill jhur thiyo tara badhiya bhayo,positive
ma parts quality bata so so,neutral
yo repair service reliable thiena,negative
repair time ma santusta experience bhayo,positive
repair cost ko quality cheat cha,negative
bike servicing thikai cha,neutral
BIKE SERVICING HAWA THIYO TARA IMANDAR BHAYO,positive
malai delivery time mahengo lagyo,negative
overall experience ko barema ramro lagyo,positive
phone response ma normal experience bhayo,neutral
engine kaam waste bhaena,positive
"maintenance service ma satisfied cha, pathetic pani cha",neutral
worker haru best bhaena,negative
support team ko quality reliable cha,positive
yo mechanic ekdam ramro cha,positive
engine kaam ekdam average chha,neutral
yo repair service ma samanya experience bhayo,neutral
car servicing ma smooth cha,positive
yo garage use garda samanya feel bhayo,neutral
worker haru safa bhaena,negative
YO BILL PHUTYO CHAINA,positive
phone response ramro cha,positive
brake system ramaro bhaena,negative
mero car condition dherai sahayogi lagyo,positive
yo price lastai samanya cha,neutral
"brake condition ma santusta cha, samasya pani cha",neutral
support team ko quality jhutho cha,negative
Yo workshop ko quality average cha,neutral
service cost ma naramo experience bhayo,negative
battery service ko barema low quality,negative
"billing system happy pani cha, dukha pani chha",neutral
yo charge ko quality thikkai cha,neutral
battery service pura khusi chaina,negative
ma billing system bata man paryo,positive
MERO CAR CONDITION KO BAREMA OIL CHANGE,neutral
engine kaam ko quality durable cha,positive
service time pura overpriced chaina,positive
Yo thau thagi bhaena,positive
SERVICE COST EKDAM CHEAP CHA,positive
malai yo servicing center helpful lagyo,positive
replacement parts dherai disappointed lagyo,negative
worker haru majja cha,positive
malai brake condition bharpardo lagyo,positive
engine repair bakbas thiena,positive
"yo price ma genuine cha, faltu pani cha",neutral
yo servicing center mahengo chaina,positive
CAR SERVICING NARAMO THIENA,positive
ma yo place bata avoid garnu,negative
engine condition ko quality cheap cha,positive
malai yo thau average lagyo,neutral
yo price raddi cha,negative
MA PARTS QUALITY BATA RAMRO LAGENA,negative
yo technician mahango chha,negative
vehicle performance duplicate chaina,positive
malai brake condition dhokha lagyo,negative
yo bill ma oil change,neutral
yo price ekdam khusi cha,positive
customer service dhila cha tara awesome cha,positive
billing system ekdam worsened cha,negative
repair time ko quality great cha,positive
maintenance service khusi cha,positive
mero experience lastai helpful cha,positive
Engine repair jhur cha tara fast cha,positive
"parts quality ma bharpardo cha, pathetic pani cha",neutral
"mero car condition dhanyabad pani cha, bigreko pani cha",neutral
payment system original parts,positive
"BIKE SERVICING MA EXCELLENT CHA, PHUTYO PANI CHA",neutral
Maintenance service dherai okay lagyo,neutral
service cost galti thiyo tara safa bhayo,positive
complaint handling ko barema value for money,positive
"repair time sahyog pani cha, phutyo pani cha",neutral
yo place awesome cha,positive
parts replacement adhuro chaina,positive
staff haru mahengo cha tara bhorosa cha,positive
ma yo bill bata engine check,neutral
brake condition khera chha,negative
maintenance service ko quality quick cha,positive
yo spare parts ma delay experience bhayo,negative
yo auto workshop ekdam thik cha,neutral
worker haru unprofessional thiena,positive
yo workshop overpriced cha,negative
phone response ma santusta experience bhayo,positive
yo spare parts ko barema so so,neutral
mero car condition bigriyo bhaena,positive
brake system ma naramo experience bhayo,negative
BILLING SYSTEM LASTAI OKAY CHA,neutral
Billing system lastai hawa cha,negative
yo auto workshop ma highly recommend,positive
car servicing ko quality samanya cha,neutral
ma parts replacement bata purano parts,negative
yo repair service ko quality ruksha cha,negative
Mero car condition worsened bhaena,positive
customer service lastai normal cha,neutral
YO CHARGE EKDAM NORMAL CHA,neutral
PARTS REPLACEMENT KO QUALITY PATHETIC CHA,negative
yo price pura helpful chaina,negative
tyre condition great cha,positive
yo place jhutho chha,negative
engine condition dherai professional lagyo,positive
"parts quality bhorosilo pani cha, fohor pani cha",neutral
yo servicing thikkai cha,neutral
phone response dherai perfect lagyo,positive
ma yo mechanic dai bata never again,negative
malai brake system galti lagena,positive
car servicing use garda normal feel bhayo,neutral
car servicing ko barema service bhayo,neutral
ma overall experience bata chitta bujhyo,positive
"yo workshop fast pani cha, ghatiya pani cha",neutral
yo mechanic use garda problem feel bhayo,negative
phone response jhyau chaina,positive
malai complaint handling chor lagena,positive
mero bike condition use garda samanya feel bhayo,neutral
yo charge ko quality pathetic cha,negative
COMPLAINT HANDLING KO QUALITY EXPENSIVE CHA,negative
"engine kaam dhanyabad pani cha, fraud pani cha",neutral
yo workshop thikkai cha,neutral
billing system ko barema feri aauchu,positive
battery service ko barema avoid garnu,negative
"engine condition affordable pani cha, fohor pani cha",neutral
parts replacement lastai majja cha,positive
yo bill ko quality ok cha,neutral
worker haru use garda scam feel bhayo,negative
ma mero bike condition bata purano parts,negative
parts replacement ko barema purano parts,negative
service cost dherai hawa lagyo,negative
payment system ma bigreko experience bhayo,negative
YO MECHANIC KO BAREMA MAN PARYO,positive
overall experience use garda naramro feel bhayo,negative
worker haru ekdam ramro cha,positive
service time lastai frustrated cha,negative
service time lastai mahengo cha,negative
phone response ko barema value for money,positive
PARTS QUALITY PURA MAJJA CHAINA,negative
malai yo servicing ok lagyo,neutral
service time ekdam prasanna cha,positive
payment system ma angry experience bhayo,negative
billing system ma thikkai experience bhayo,neutral
delivery time quick cha tara dhilo cha,negative
staff haru samasya chaina,positive
yo thau ko quality genuine cha,positive
bike servicing hidden charge,negative
overall experience reasonable thiena,negative
"yo technician sundar pani cha, dhila pani cha",neutral
customer service ko barema chitta bujhena,negative
vehicle performance ekdam average chha,neutral
YO WORKSHOP THIK CHA,neutral
phone response dherai reliable lagyo,positive
engine condition nice cha tara fake cha,negative
"Billing system prasanna pani cha, awful pani cha",neutral
repair time same issue,negative
yo workshop ma hidden charge,negative
waiting time use garda professional feel bhayo,positive
yo bill satisfied thiyo tara dhokha bhayo,negative
Yo place thik chha,neutral
yo auto workshop ma purano parts,negative
YO MECHANIC SHOP USE GARDA THIK FEEL BHAYO,neutral
yo spare parts lastai thikkai cha,neutral
repair time problem solve bhayo,positive
delivery time fast cha tara ghatiya cha,negative
ma yo bill bata man parena,negative
battery service angry cha tara raamro cha,positive
malai yo place faltu lagyo,negative
ma mero car condition bata ramro bhayena,negative
billing system ramro bhayo,positive
yo technician dherai sasto lagyo,positive
malai bike servicing normal lagyo,neutral
car servicing dherai ok lagyo,neutral
service cost lastai jhutho cha,negative
malai brake condition thik lagyo,neutral
waiting time used parts,negative
ma engine condition bata ali thik,neutral
yo servicing ko barema engine check,neutral
yo charge pura satisfied chaina,negative
yo mechanic shop lastai great cha,positive
bike servicing poor chha tara asal cha,positive
Car servicing lastai raddi cha,negative
yo technician bekar chaina,positive
Yo charge ma genuine experience bhayo,positive
yo workshop use garda bakwas feel bhayo,negative
"yo charge ma santusta cha, mahango pani cha",neutral
parts quality bhorosilo cha tara worst cha,negative
BRAKE CONDITION KO QUALITY SAMANYA CHHA,neutral
bill amount ma thikai experience bhayo,neutral
malai yo garage awful lagyo,negative
ma engine condition bata ramro bhayo,positive
mero car condition okay cha,neutral
yo workshop use garda majja feel bhayo,positive
ma yo price bata oil change,neutral
delivery time use garda chor feel bhayo,negative
ma engine repair bata service bhayo,neutral
bill amount delay thiena,positive
yo mechanic shop angry cha tara smooth cha,positive
MA REPLACEMENT PARTS BATA THIK JASTO,neutral
delivery time ramrari cha tara jhur cha,negative
malai yo technician unprofessional lagyo,negative
maintenance service pura frustrated chaina,positive
malai service cost delay lagena,positive
ENGINE KAAM EKDAM THIKAI CHA,neutral
payment system ma thikkai experience bhayo,neutral
service time ekdam mitho cha,positive
customer service thikai chha,neutral
staff haru ko barema man paryo,positive
vehicle performance service bhayo,neutral
"service cost ma dami cha, scam pani cha",neutral
ma mero experience bata thik garena,negative
Yo servicing use garda bhalo feel bhayo,positive
yo garage ma man parena,negative
billing system risaune thiena,positive
phone response durable thiena,negative
phone response satisfied cha,positive
brake system badhiya cha tara unprofessional chha,negative
engine condition pathetic cha,negative
bill amount rubbish thiyo tara satisfied bhayo,positive
"repair time ma dami cha, unprofessional pani cha",neutral
vehicle performance thik bhayo,positive
complaint handling samanya cha,neutral
malai car servicing santusta lagena,negative
engine kaam khusi cha tara awful cha,negative
repair cost ko barema just okay,neutral
Complaint handling overpriced thiyo tara dami bhayo,positive
replacement parts bhorosa bhaena,negative
maintenance service nice thiena,negative
Ma engine condition bata ramro lagena,negative
overall experience safa thiena,negative
staff haru use garda bhorosa feel bhayo,positive
malai support team naramo lagyo,negative
ma bike servicing bata chitta bujhena,negative
parts replacement khusi thiyo tara ruksha bhayo,negative
mero car condition ignored thiena,positive
vehicle performance lastai reliable cha,positive
"mero car condition ma babbal cha, jhyau pani cha",neutral
yo mechanic scam cha tara ramaro cha,positive
waiting time lastai awesome cha,positive
billing system use garda thik feel bhayo,neutral
malai battery service slow lagena,positive
"service cost affordable pani cha, luteko pani cha",neutral
service cost dhilo chaina,positive
yo price lastai thik cha,neutral
malai complaint handling thikai lagyo,neutral
yo garage ko quality okay cha,neutral
mero experience use garda genuine feel bhayo,positive
DELIVERY TIME KO QUALITY THIKKAI CHA,neutral
ma yo charge bata thik jasto,neutral
yo auto workshop ekdam bharpardo cha,positive
yo servicing center ma awful experience bhayo,negative
Worker haru bhorosilo bhaena,negative
malai yo workshop majja lagyo,positive
billing system dherai dhokha lagyo,negative
DELIVERY TIME ENGINE CHECK,neutral
replacement parts ko quality genuine cha,positive
"repair cost prasanna pani cha, nikamma pani cha",neutral
tyre condition fake parts,negative
waiting time ignored cha tara reasonable cha,positive
yo place oil change,neutral
billing system naramo thiena,positive
yo servicing pura mahengo chaina,positive
WORKER HARU NOT RECOMMENDED,negative
ma yo technician bata thikkai cha,neutral
PARTS QUALITY TERRIBLE THIYO TARA AWESOME BHAYO,positive
worker haru ma chitta bujhyo,positive
YO MECHANIC DAI LASTAI CHOR CHA,negative
MERO EXPERIENCE KO QUALITY QUICK CHA,positive
mero bike condition use garda santusta feel bhayo,positive
engine repair chitta bujhyo,positive
SERVICE TIME DHERAI THIKAI LAGYO,neutral
service time bigreko cha,negative
Parts quality dherai thikai lagyo,neutral
brake condition ignored chaina,positive
tyre condition ko quality cheat cha,negative
brake condition ma paisa khera,negative
yo bill fraud thiyo tara good bhayo,positive
yo technician ko quality thik cha,neutral
engine kaam ma waste experience bhayo,negative
Battery service cheap cha,positive
engine repair sasto chaina,negative
ma yo bill bata chitta bujhena,negative
YO MECHANIC SHOP ALI THIK,neutral
vehicle performance ekdam khusi cha,positive
bill amount ma worth it,positive
battery service pura bhorosilo chaina,negative
ma customer service bata man paryo,positive
worker haru angry bhaena,positive
payment system pura worst chaina,positive
bill amount overpriced thiyo tara ramro bhayo,positive
maintenance service thikkai cha,neutral
yo repair service khusi thiyo tara ruksha bhayo,negative
engine kaam use garda okay feel bhayo,neutral
MERO BIKE CONDITION LASTAI BIGRIYO CHA,negative
brake condition delay cha,negative
"yo repair service ma quality cha, delay pani cha",neutral
ma yo thau bata ramro lagyo,positive
repair time frustrated chaina,positive
yo mechanic mast thiyo tara rubbish bhayo,negative
maintenance service galti chaina,positive
malai service cost cheap lagyo,positive
yo place ekdam babbal cha,positive
YO SPARE PARTS DHERAI THIKKAI LAGYO,neutral
replacement parts ekdam perfect cha,positive
yo mechanic dai lastai raddi cha,negative
phone response ma ramro lagyo,positive
yo thau smooth thiena,negative
"phone response ma bhorosa cha, bigreko pani cha",neutral
phone response dherai bakbas lagyo,negative
BILLING SYSTEM RADDI THIENA,positive
yo place dherai samasya lagyo,negative
COMPLAINT HANDLING KO BAREMA KAAM BHAYO,neutral
yo thau disappointed thiyo tara jabardast bhayo,positive
customer service dherai hawa lagyo,negative
"yo mechanic shop honest pani cha, waste pani chha",neutral
malai customer service excellent lagyo,positive
malai yo workshop dami lagena,negative
tyre condition recommend gardina,negative
service cost ma waste of money,negative
worker haru ekdam mitho cha,positive
tyre condition khera thiena,positive
mero car condition use garda problem feel bhayo,negative
brake condition dhilo cha,negative
waiting time naraamro cha,negative
repair time man paryo,positive
yo servicing center ekdam luteko cha,negative
"yo bill sahyog pani cha, bigriyo pani cha",neutral
billing system ekdam jhanjhat cha,negative
mero bike condition dherai expensive lagyo,negative
malai engine repair safa lagyo,positive
billing system lastai overpriced cha,negative
yo mechanic dai quality thiyo tara damage bhayo,negative
yo bill ma original parts,positive
tyre condition ma engine bigriyo,negative
bike servicing fake cha,negative
yo bill ekdam friendly cha,positive
malai vehicle performance ok lagyo,neutral
battery service ko quality samanya cha,neutral
"vehicle performance satisfied pani cha, bekar pani cha",neutral
ma yo mechanic shop bata thik jasto,neutral
engine repair ko barema thik jasto,neutral
"car servicing best pani cha, naramo pani cha",neutral
engine repair use garda durable feel bhayo,positive
PARTS REPLACEMENT LASTAI OK CHA,neutral
WORKER HARU SUNDAR CHA TARA WASTE CHA,negative
service cost ekdam samanya cha,neutral
worker haru lastai damage chha,negative
bill amount best thiyo tara rubbish bhayo,negative
yo mechanic dai use garda thikai feel bhayo,neutral
yo price ghatiya chaina,positive
brake system ko barema ramro bhayo,positive
service cost ko barema chitta bujhyo,positive
complaint handling babbal thiena,negative
mero car condition use garda gajjab feel bhayo,positive
yo technician honest thiyo tara dhila bhayo,negative
yo bill jhur cha,negative
staff haru ignored chha,negative
yo charge ma unprofessional experience bhayo,negative
yo bill ko quality thikai cha,neutral
repair time pura bakbas chaina,positive
maintenance service dherai dhanyabad lagyo,positive
battery service ma same issue,negative
"payment system sifaris pani cha, jhyau pani cha",neutral
"yo thau ma safa cha, waste pani cha",neutral
CAR SERVICING EKDAM CHOR CHA,negative
mero car condition ko quality ok cha,neutral
yo servicing ko quality samanya cha,neutral
yo place bhorosa bhaena,negative
overall experience lajawab cha tara annoyed cha,negative
yo place normal cha,neutral
maintenance service ko quality slow cha,negative
billing system bigriyo thiyo tara honest bhayo,positive
engine repair ko quality jhur cha,negative
complaint handling thikkai cha,neutral
YO PRICE MA NORMAL EXPERIENCE BHAYO,neutral
car servicing bhalo cha tara expensive cha,negative
tyre condition thik bhayo,positive
phone response bharpardo cha tara chor cha,negative
malai complaint handling thikkai lagyo,neutral
phone response ramro lagyo,positive
REPAIR COST IMANDAR CHAINA,negative
payment system recommend chaina,negative
delivery time ma thagi experience bhayo,negative
yo place naramo cha,negative
malai service cost asal lagena,negative
repair time lastai satisfied cha,positive
parts replacement affordable chha tara kharab cha,negative
yo technician professional bhaena,negative
customer service ekdam fraud cha,negative
replacement parts damage bhayo,negative
mero car condition ko barema service bhayo,neutral
yo charge dherai jhyau lagyo,negative
support team disappointed cha tara good cha,positive
bill amount ko barema ramro lagena,negative
malai yo servicing normal lagyo,neutral
"parts replacement ma jabardast cha, delay pani cha",neutral
malai yo price annoyed lagyo,negative
yo auto workshop dherai dhilo lagyo,negative
car servicing ma samanya experience bhayo,neutral
yo mechanic dai ghatiya thiyo tara reasonable bhayo,positive
yo thau delay thiyo tara sifaris bhayo,positive
engine condition ma ali thik,neutral
malai yo repair service raddi lagyo,negative
customer service honest thiyo tara khera bhayo,negative
replacement parts chitta bujhyo,positive
maintenance service waste of money,negative
bike servicing chitta bujhyo,positive
yo servicing center thik cha,neutral
engine condition ignored thiyo tara majja bhayo,positive
engine kaam ma man parena,negative
ma replacement parts bata on time,positive
yo spare parts bakwas bhaena,positive
vehicle performance worsened cha tara quick cha,positive
tyre condition pura cheat chaina,positive
MA ENGINE REPAIR BATA SO SO,neutral
replacement parts ko quality prasanna cha,positive
brake condition use garda thik feel bhayo,neutral
parts quality ma cheap experience bhayo,positive
yo spare parts lastai helpful cha,positive
yo thau durable thiyo tara thagi bhayo,negative
yo auto workshop ma rude experience bhayo,negative
brake condition ma bhalo experience bhayo,positive
malai yo price ignored lagena,positive
delivery time ma kaam bhayo,neutral
mero experience thik bhayo,positive
bill amount ko quality average cha,neutral
yo servicing ma so so,neutral
yo servicing ruksha thiyo tara prasanna bhayo,positive
OVERALL EXPERIENCE EKDAM GAJJAB CHA,positive
support team use garda affordable feel bhayo,positive
"brake system ma awesome cha, duplicate pani cha",neutral
yo charge ma engine check,neutral
malai engine condition average lagyo,neutral
SERVICE COST DHERAI NORMAL LAGYO,neutral
maintenance service thag bhaena,positive
YO SERVICING CENTER MA HONEST EXPERIENCE BHAYO,positive
brake condition unprofessional cha,negative
MALAI YO THAU BHOROSILO LAGYO,positive
yo price ma professional experience bhayo,positive
brake system dherai thikai lagyo,neutral
yo thau ko barema smooth cha,positive
yo servicing center use garda thikkai feel bhayo,neutral
yo workshop dherai normal lagyo,neutral
yo servicing center use garda honest feel bhayo,positive
Malai yo mechanic dai dhila lagyo,negative
malai customer service majja lagyo,positive
"mero experience ma affordable cha, bakwas pani cha",neutral
staff haru use garda normal feel bhayo,neutral
Replacement parts ekdam asal cha,positive
YO PLACE AVERAGE CHA,neutral
waiting time ko barema worth it,positive
ma engine kaam bata man parena,negative
yo garage bakwas chaina,positive
